date,close,high,low,open,volume,adjClose
2016-08-08 00:00:00+00:00,108.37,108.37,107.16,107.52,28037220,25.44209808
2016-08-09 00:00:00+00:00,108.81,108.94,108.01,108.23,26315204,25.54539718
2016-08-10 00:00:00+00:00,108,108.9,107.76,108.71,24008505,25.35523293
2016-08-11 00:00:00+00:00,107.93,108.93,107.85,108.52,27484506,25.33879898
2016-08-12 00:00:00+00:00,108.18,108.44,107.78,107.78,18660434,25.39749165
2016-08-15 00:00:00+00:00,109.48,109.54,108.08,108.14,25868209,25.70269353
2016-08-16 00:00:00+00:00,109.38,110.23,109.21,109.63,33794448,25.67921646
2016-08-17 00:00:00+00:00,109.22,109.37,108.34,109.1,25355976,25.64165315
2016-08-18 00:00:00+00:00,109.08,109.6,109.02,109.23,21984703,25.60878526
2016-08-19 00:00:00+00:00,109.36,109.69,108.36,108.77,25368072,25.67452105
2016-08-22 00:00:00+00:00,108.51,109.1,107.85,108.86,25820230,25.47496597
2016-08-23 00:00:00+00:00,108.85,109.32,108.53,108.59,21257669,25.554788
2016-08-24 00:00:00+00:00,108.03,108.75,107.68,108.565,23675081,25.36227605
2016-08-25 00:00:00+00:00,107.57,107.88,106.68,107.39,25086248,25.25428154
2016-08-26 00:00:00+00:00,106.94,107.95,106.31,107.41,27766291,25.10637601
2016-08-29 00:00:00+00:00,106.82,107.44,106.29,106.62,24970300,25.07820353
2016-08-30 00:00:00+00:00,106,106.5,105.5,105.8,24863945,24.88569158
2016-08-31 00:00:00+00:00,106.1,106.5699,105.64,105.66,29662406,24.90916865
2016-09-01 00:00:00+00:00,106.73,106.8,105.62,106.14,26701523,25.05707417
2016-09-02 00:00:00+00:00,107.73,108,106.82,107.7,26802450,25.29184485
2016-09-06 00:00:00+00:00,107.7,108.3,107.51,107.9,26880391,25.28480173
2016-09-07 00:00:00+00:00,108.36,108.76,107.07,107.83,42364328,25.43975037
2016-09-08 00:00:00+00:00,105.52,107.27,105.24,107.25,53002026,24.77300165
2016-09-09 00:00:00+00:00,103.13,105.72,103.13,104.64,46556984,24.21189974
2016-09-12 00:00:00+00:00,105.44,105.72,102.53,102.65,45292770,24.75422
2016-09-13 00:00:00+00:00,107.95,108.79,107.24,107.51,62176190,25.3434944
2016-09-14 00:00:00+00:00,111.77,113.03,108.6,108.73,112340318,26.24031838
2016-09-15 00:00:00+00:00,115.57,115.73,113.49,113.86,90613177,27.13244694
2016-09-16 00:00:00+00:00,114.92,116.13,114.04,115.12,79886911,26.979846
2016-09-19 00:00:00+00:00,113.58,116.18,113.25,115.19,47023046,26.6652533
2016-09-20 00:00:00+00:00,113.57,114.12,112.51,113.05,34514269,26.66290559
2016-09-21 00:00:00+00:00,113.55,113.989,112.441,113.85,36003185,26.65821018
2016-09-22 00:00:00+00:00,114.62,114.94,114,114.35,31073984,26.9094148
2016-09-23 00:00:00+00:00,112.71,114.79,111.55,114.42,52481151,26.46100281
2016-09-26 00:00:00+00:00,112.88,113.39,111.55,111.64,29869442,26.50091382
2016-09-27 00:00:00+00:00,113.09,113.18,112.34,113,24607412,26.55021567
2016-09-28 00:00:00+00:00,113.95,114.64,113.43,113.69,29641085,26.75211845
2016-09-29 00:00:00+00:00,112.18,113.8,111.8,113.16,35886990,26.33657435
2016-09-30 00:00:00+00:00,113.05,113.37,111.8,112.46,36379106,26.54082484
2016-10-03 00:00:00+00:00,112.52,113.05,112.28,112.71,21701760,26.41639638
2016-10-04 00:00:00+00:00,113,114.31,112.63,113.06,29736835,26.52908631
2016-10-05 00:00:00+00:00,113.05,113.66,112.69,113.4,21453089,26.54082484
2016-10-06 00:00:00+00:00,113.89,114.34,113.13,113.7,28779313,26.73803221
2016-10-07 00:00:00+00:00,114.06,114.56,113.51,114.31,24358443,26.77794322
2016-10-10 00:00:00+00:00,116.05,116.75,114.72,115.02,36235956,27.24513687
2016-10-11 00:00:00+00:00,116.3,118.69,116.2,117.7,64041043,27.30382953
2016-10-12 00:00:00+00:00,117.34,117.98,116.75,117.35,37586787,27.54799104
2016-10-13 00:00:00+00:00,116.98,117.44,115.72,116.79,35192406,27.46347359
2016-10-14 00:00:00+00:00,117.63,118.17,117.13,117.88,35652191,27.61607453
2016-10-17 00:00:00+00:00,117.55,117.84,116.78,117.33,23624896,27.59729288
2016-10-18 00:00:00+00:00,117.47,118.21,117.45,118.18,24553478,27.57851122
2016-10-19 00:00:00+00:00,117.12,117.76,113.8,117.25,20034594,27.49634149
2016-10-20 00:00:00+00:00,117.06,117.38,116.33,116.86,24125801,27.48225525
2016-10-21 00:00:00+00:00,116.6,116.91,116.28,116.81,23192665,27.37426074
2016-10-24 00:00:00+00:00,117.65,117.74,117,117.1,23538673,27.62076995
2016-10-25 00:00:00+00:00,118.25,118.36,117.31,117.95,48128970,27.76163235
2016-10-26 00:00:00+00:00,115.59,115.7,113.31,114.31,66134219,27.13714235
2016-10-27 00:00:00+00:00,114.48,115.86,114.1,115.39,34562045,26.87654691
2016-10-28 00:00:00+00:00,113.72,115.21,113.45,113.87,37861662,26.69812119
2016-10-31 00:00:00+00:00,113.54,114.23,113.2,113.65,26419398,26.65586247
2016-11-01 00:00:00+00:00,111.49,113.77,110.53,113.46,43825812,26.17458259
2016-11-02 00:00:00+00:00,111.59,112.35,111.23,111.4,28331709,26.19805965
2016-11-03 00:00:00+00:00,109.83,111.46,109.55,110.98,26932602,25.91868255
2016-11-04 00:00:00+00:00,108.84,110.25,108.11,108.53,30836997,25.68505334
2016-11-07 00:00:00+00:00,110.41,110.51,109.46,110.08,32560000,26.05555623
2016-11-08 00:00:00+00:00,111.06,111.72,109.7,110.31,24254179,26.20894914
2016-11-09 00:00:00+00:00,110.88,111.32,108.05,109.88,59176361,26.1664711
2016-11-10 00:00:00+00:00,107.79,111.09,105.83,111.09,57134541,25.43726479
2016-11-11 00:00:00+00:00,108.43,108.87,106.55,106.92,34143898,25.58829781
2016-11-14 00:00:00+00:00,105.71,107.809,104.08,107.32,51175504,24.94640747
2016-11-15 00:00:00+00:00,107.11,107.68,106.1593,106.57,32264510,25.27679221
2016-11-16 00:00:00+00:00,109.99,110.23,106.6,106.7,58840522,25.95644081
2016-11-17 00:00:00+00:00,109.95,110.35,108.83,109.81,27632003,25.94700124
2016-11-18 00:00:00+00:00,110.06,110.54,109.66,109.72,28428917,25.97296004
2016-11-21 00:00:00+00:00,111.73,111.99,110.01,110.12,29264571,26.36706184
2016-11-22 00:00:00+00:00,111.8,112.42,111.4,111.95,25965534,26.38358107
2016-11-23 00:00:00+00:00,111.23,111.51,110.33,111.36,27426394,26.24906729
2016-11-25 00:00:00+00:00,111.79,111.87,110.95,111.13,11475922,26.38122118
2016-11-28 00:00:00+00:00,111.57,112.465,111.39,111.43,27193983,26.32930358
2016-11-29 00:00:00+00:00,111.46,112.03,110.07,110.78,28528750,26.30334478
2016-11-30 00:00:00+00:00,110.52,112.2,110.27,111.56,36162258,26.08151503
2016-12-01 00:00:00+00:00,109.49,110.94,109.03,110.365,37086862,25.83844626
2016-12-02 00:00:00+00:00,109.9,110.09,108.85,109.17,26527997,25.93520179
2016-12-05 00:00:00+00:00,109.11,110.03,108.25,110,34324540,25.7487704
2016-12-06 00:00:00+00:00,109.95,110.36,109.19,109.5,26195462,25.94700124
2016-12-07 00:00:00+00:00,111.03,111.19,109.16,109.26,29998719,26.20186947
2016-12-08 00:00:00+00:00,112.12,112.43,110.6,110.86,27068316,26.45909758
2016-12-09 00:00:00+00:00,113.95,114.7,112.31,112.31,34402627,26.89095763
2016-12-12 00:00:00+00:00,113.3,115,112.49,113.29,26374377,26.73756472
2016-12-13 00:00:00+00:00,115.19,115.92,113.75,113.84,43733811,27.18358411
2016-12-14 00:00:00+00:00,115.19,116.2,114.98,115.04,34031834,27.18358411
2016-12-15 00:00:00+00:00,115.82,116.73,115.23,115.38,46524544,27.33225724
2016-12-16 00:00:00+00:00,115.97,116.5,115.645,116.47,44351134,27.36765561
2016-12-19 00:00:00+00:00,116.64,117.38,115.75,115.8,27779423,27.5257683
2016-12-20 00:00:00+00:00,116.95,117.5,116.68,116.74,21424965,27.59892492
2016-12-21 00:00:00+00:00,117.06,117.4,116.78,116.8,23783165,27.62488372
2016-12-22 00:00:00+00:00,116.29,116.51,115.64,116.35,26085854,27.44317212
2016-12-23 00:00:00+00:00,116.52,116.52,115.59,115.59,14249484,27.49744961
2016-12-27 00:00:00+00:00,117.26,117.8,116.49,116.52,18296855,27.67208154
2016-12-28 00:00:00+00:00,116.76,118.0166,116.2,117.52,20905892,27.55408699
2016-12-29 00:00:00+00:00,116.73,117.1095,116.4,116.45,15039519,27.54700732
2016-12-30 00:00:00+00:00,115.82,117.2,115.43,116.65,30586265,27.33225724
2017-01-03 00:00:00+00:00,116.15,116.33,114.76,115.8,28781865,27.41013364
2017-01-04 00:00:00+00:00,116.02,116.51,115.75,115.85,21118116,27.37945506
2017-01-05 00:00:00+00:00,116.61,116.8642,115.81,115.92,22193587,27.51868863
2017-01-06 00:00:00+00:00,117.91,118.16,116.47,116.78,31751900,27.82547446
2017-01-09 00:00:00+00:00,118.99,119.43,117.94,117.95,33561948,28.08034268
2017-01-10 00:00:00+00:00,119.11,119.38,118.3,118.77,24462051,28.10866137
2017-01-11 00:00:00+00:00,119.75,119.93,118.6,118.74,27588593,28.25969439
2017-01-12 00:00:00+00:00,119.25,119.3,118.21,118.895,27086220,28.14169985
2017-01-13 00:00:00+00:00,119.04,119.62,118.81,119.11,26111948,28.09214214
2017-01-17 00:00:00+00:00,120,120.24,118.22,118.34,34439843,28.31869167
2017-01-18 00:00:00+00:00,119.99,120.5,119.71,120,23712961,28.31633178
2017-01-19 00:00:00+00:00,119.78,120.09,119.37,119.4,25597291,28.26677407
2017-01-20 00:00:00+00:00,120,120.45,119.7346,120.45,32597892,28.31869167
2017-01-23 00:00:00+00:00,120.08,120.81,119.77,120,22050218,28.3375708
2017-01-24 00:00:00+00:00,119.97,120.1,119.5,119.55,23211038,28.311612
2017-01-25 00:00:00+00:00,121.88,122.1,120.28,120.42,32586673,28.76235117
2017-01-26 00:00:00+00:00,121.94,122.44,121.6,121.67,26337576,28.77651052
2017-01-27 00:00:00+00:00,121.95,122.35,121.6,122.14,20562944,28.77887041
2017-01-30 00:00:00+00:00,121.63,121.63,120.66,120.93,30377503,28.7033539
2017-01-31 00:00:00+00:00,121.35,121.39,120.62,121.15,49200993,28.63727695
2017-02-01 00:00:00+00:00,128.75,130.49,127.01,127.03,111985040,30.38359627
2017-02-02 00:00:00+00:00,128.53,129.39,127.78,127.975,33710411,30.33167867
2017-02-03 00:00:00+00:00,129.08,129.19,128.16,128.31,24507301,30.46147267
2017-02-06 00:00:00+00:00,130.29,130.5,128.9,129.13,26845924,30.74701948
2017-02-07 00:00:00+00:00,131.53,132.09,130.45,130.54,38183841,31.03964596
2017-02-08 00:00:00+00:00,132.04,132.22,131.22,131.35,23004072,31.1600004
2017-02-09 00:00:00+00:00,132.42,132.445,131.12,131.65,28349859,31.38419004
2017-02-10 00:00:00+00:00,132.12,132.94,132.05,132.46,20065458,31.31308857
2017-02-13 00:00:00+00:00,133.29,133.82,132.75,133.08,23035421,31.59038431
2017-02-14 00:00:00+00:00,135.02,135.09,133.25,133.47,33226223,32.00040281
2017-02-15 00:00:00+00:00,135.51,136.27,134.62,135.52,35623100,32.11653521
2017-02-16 00:00:00+00:00,135.345,135.9,134.8398,135.67,22584555,32.0774294
2017-02-17 00:00:00+00:00,135.72,135.83,135.1,135.1,22198197,32.16630624
2017-02-21 00:00:00+00:00,136.7,136.75,135.98,136.23,24507156,32.39857105
2017-02-22 00:00:00+00:00,137.11,137.12,136.11,136.43,20836932,32.49574307
2017-02-23 00:00:00+00:00,136.53,137.48,136.3,137.38,20788186,32.35828022
2017-02-24 00:00:00+00:00,136.66,136.66,135.28,135.91,21776585,32.38909086
2017-02-27 00:00:00+00:00,136.93,137.435,136.28,137.14,20257426,32.45308218
2017-02-28 00:00:00+00:00,136.99,137.435,136.7,137.08,23482860,32.46730248
2017-03-01 00:00:00+00:00,139.79,140.15,137.595,137.89,36414585,33.13091622
2017-03-02 00:00:00+00:00,138.96,140.2786,138.76,140,26210984,32.93420215
2017-03-03 00:00:00+00:00,139.78,139.83,138.59,138.78,21571121,33.12854617
2017-03-06 00:00:00+00:00,139.34,139.77,138.5959,139.365,21750044,33.02426401
2017-03-07 00:00:00+00:00,139.52,139.98,138.79,139.06,17446297,33.0669249
2017-03-08 00:00:00+00:00,139,139.8,138.82,138.95,18707236,32.94368234
2017-03-09 00:00:00+00:00,138.68,138.79,137.05,138.74,22155904,32.86784077
2017-03-10 00:00:00+00:00,139.14,139.3571,138.64,139.25,19612801,32.97686303
2017-03-13 00:00:00+00:00,139.2,139.43,138.82,138.85,17421717,32.99108333
2017-03-14 00:00:00+00:00,138.99,139.65,138.84,139.3,15309065,32.94131229
2017-03-15 00:00:00+00:00,140.46,140.7501,139.025,139.41,25691774,33.28970951
2017-03-16 00:00:00+00:00,140.69,141.02,140.26,140.72,19231998,33.34422064
2017-03-17 00:00:00+00:00,139.99,141,139.89,141,43884952,33.1783172
2017-03-20 00:00:00+00:00,141.46,141.5,140.23,140.4,21542038,33.52671442
2017-03-21 00:00:00+00:00,139.84,142.8,139.73,142.11,39529912,33.14276647
2017-03-22 00:00:00+00:00,141.42,141.6,139.76,139.845,25860165,33.51723422
2017-03-23 00:00:00+00:00,140.92,141.5844,140.61,141.26,20346301,33.39873177
2017-03-24 00:00:00+00:00,140.64,141.74,140.35,141.5,22395563,33.33237039
2017-03-27 00:00:00+00:00,140.88,141.22,138.62,139.39,23575094,33.38925157
2017-03-28 00:00:00+00:00,143.8,144.04,140.62,140.91,33374805,34.08130591
2017-03-29 00:00:00+00:00,144.12,144.49,143.19,143.68,29189955,34.15714748
2017-03-30 00:00:00+00:00,143.93,144.5,143.5,144.19,21207252,34.11211654
2017-03-31 00:00:00+00:00,143.66,144.27,143.01,143.72,19661651,34.04812522
2017-04-03 00:00:00+00:00,143.7,144.12,143.05,143.71,19985714,34.05760542
2017-04-04 00:00:00+00:00,144.77,144.89,143.17,143.25,19891354,34.31120067
2017-04-05 00:00:00+00:00,144.02,145.46,143.81,144.22,27717854,34.13344699
2017-04-06 00:00:00+00:00,143.66,144.52,143.45,144.29,21149034,34.04812522
2017-04-07 00:00:00+00:00,143.34,144.18,143.27,143.73,16658543,33.97228365
2017-04-10 00:00:00+00:00,143.17,143.8792,142.9,143.6,18933397,33.93199281
2017-04-11 00:00:00+00:00,141.63,143.35,140.06,142.94,30379376,33.56700525
2017-04-12 00:00:00+00:00,141.8,142.15,141.01,141.6,20350000,33.60729609
2017-04-13 00:00:00+00:00,141.05,142.38,141.05,141.91,17822880,33.42954241
2017-04-17 00:00:00+00:00,141.83,141.88,140.87,141.48,16582094,33.61440624
2017-04-18 00:00:00+00:00,141.2,142.04,141.11,141.41,14697544,33.46509314
2017-04-19 00:00:00+00:00,140.68,142,140.45,141.88,17328375,33.34185059
2017-04-20 00:00:00+00:00,142.44,142.92,141.16,141.22,23319562,33.75897923
2017-04-21 00:00:00+00:00,142.27,142.68,141.85,142.44,17320928,33.7186884
2017-04-24 00:00:00+00:00,143.64,143.95,143.18,143.5,17116599,34.04338512
2017-04-25 00:00:00+00:00,144.53,144.9,143.87,143.91,18216472,34.25431949
2017-04-26 00:00:00+00:00,143.68,144.6,143.3762,144.47,19614287,34.05286532
2017-04-27 00:00:00+00:00,143.79,144.16,143.31,143.9225,13948980,34.07893586
2017-04-28 00:00:00+00:00,143.65,144.3,143.27,144.09,20247187,34.04575517
2017-05-01 00:00:00+00:00,146.58,147.2,144.96,145.1,32818760,34.74017955
2017-05-02 00:00:00+00:00,147.51,148.09,146.84,147.54,39752670,34.96059412
2017-05-03 00:00:00+00:00,147.06,147.49,144.27,145.59,45142806,34.85394191
2017-05-04 00:00:00+00:00,146.53,147.14,145.81,146.52,23275690,34.72832931
2017-05-05 00:00:00+00:00,148.96,148.98,146.76,146.76,26787359,35.30425124
2017-05-08 00:00:00+00:00,153.01,153.7,149.03,149.03,48339210,36.26412112
2017-05-09 00:00:00+00:00,153.99,154.88,153.45,153.87,35942435,36.49638593
2017-05-10 00:00:00+00:00,153.26,153.94,152.11,153.63,25670456,36.32337234
2017-05-11 00:00:00+00:00,153.95,154.07,152.31,152.45,25596687,36.63621882
2017-05-12 00:00:00+00:00,156.1,156.42,154.67,154.7,32221756,37.14786462
2017-05-15 00:00:00+00:00,155.7,156.65,155.05,156.01,25700983,37.05267471
2017-05-16 00:00:00+00:00,155.47,156.06,154.72,155.94,19904679,36.9979405
2017-05-17 00:00:00+00:00,150.25,154.57,149.71,153.6,49482818,35.7557121
2017-05-18 00:00:00+00:00,152.54,153.34,151.13,151.27,33159664,36.30067437
2017-05-19 00:00:00+00:00,153.06,153.98,152.63,153.38,26733798,36.42442126
2017-05-22 00:00:00+00:00,153.99,154.58,152.91,154,22340069,36.64573782
2017-05-23 00:00:00+00:00,153.8,154.9,153.31,154.9,19430358,36.60052261
2017-05-24 00:00:00+00:00,153.34,154.17,152.67,153.84,19118319,36.4910542
2017-05-25 00:00:00+00:00,153.87,154.35,153.03,153.73,19044463,36.61718084
2017-05-26 00:00:00+00:00,153.61,154.24,153.31,154,21632202,36.5553074
2017-05-30 00:00:00+00:00,153.67,154.43,153.33,153.42,20034934,36.56958588
2017-05-31 00:00:00+00:00,152.76,154.17,152.38,153.97,23162873,36.35302883
2017-06-01 00:00:00+00:00,153.18,153.33,152.22,153.17,16180143,36.45297824
2017-06-02 00:00:00+00:00,155.45,155.45,152.89,153.58,27285861,36.99318101
2017-06-05 00:00:00+00:00,153.93,154.45,153.46,154.34,24803858,36.63145933
2017-06-06 00:00:00+00:00,154.45,155.81,153.78,153.9,26249630,36.75520622
2017-06-07 00:00:00+00:00,155.37,155.98,154.48,155.02,20678772,36.97414303
2017-06-08 00:00:00+00:00,154.99,155.54,154.4,155.25,20771367,36.88371261
2017-06-09 00:00:00+00:00,148.98,155.19,146.02,155.19,64882700,35.45348412
2017-06-12 00:00:00+00:00,145.42,146.09,142.51,145.74,71563614,34.60629387
2017-06-13 00:00:00+00:00,146.59,147.45,145.15,147.16,33749154,34.88472437
2017-06-14 00:00:00+00:00,145.16,147.5,143.84,147.5,31224203,34.54442043
2017-06-15 00:00:00+00:00,144.29,144.4798,142.21,143.32,31348832,34.33738236
2017-06-16 00:00:00+00:00,142.27,144.5,142.2,143.78,49180748,33.85667328
2017-06-19 00:00:00+00:00,146.34,146.74,143.66,143.66,31449132,34.82523068
2017-06-20 00:00:00+00:00,145.01,146.87,144.94,146.87,24572170,34.50872421
2017-06-21 00:00:00+00:00,145.87,146.0693,144.61,145.52,21064679,34.71338253
2017-06-22 00:00:00+00:00,145.63,146.7,145.1199,145.77,18673365,34.65626858
2017-06-23 00:00:00+00:00,146.28,147.16,145.11,145.13,25997976,34.81095219
2017-06-26 00:00:00+00:00,145.82,148.28,145.38,147.17,25524661,34.70148379
2017-06-27 00:00:00+00:00,143.73,146.16,143.62,145.01,24423643,34.20411648
2017-06-28 00:00:00+00:00,145.83,146.11,143.1601,144.49,21915939,34.70386353
2017-06-29 00:00:00+00:00,143.68,145.13,142.28,144.71,31116980,34.19221774
2017-06-30 00:00:00+00:00,144.02,144.96,143.78,144.45,22328979,34.27312917
2017-07-03 00:00:00+00:00,143.5,145.3,143.1,144.88,14258300,34.14938228
2017-07-05 00:00:00+00:00,144.09,144.79,142.7237,143.69,20758795,34.2897874
2017-07-06 00:00:00+00:00,142.73,143.5,142.41,143.02,23374374,33.96614169
2017-07-07 00:00:00+00:00,144.18,144.75,142.9,142.9,18505351,34.31120513
2017-07-10 00:00:00+00:00,145.06,145.95,143.37,144.11,21030466,34.52062295
2017-07-11 00:00:00+00:00,145.53,145.85,144.38,144.73,18311156,34.6324711
2017-07-12 00:00:00+00:00,145.74,146.18,144.82,145.87,23617964,34.6824458
2017-07-13 00:00:00+00:00,147.77,148.49,145.44,145.5,24922788,35.16553463
2017-07-14 00:00:00+00:00,149.04,149.33,147.33,147.97,19961788,35.46776261
2017-07-17 00:00:00+00:00,149.56,150.9,148.57,148.82,23243713,35.5915095
2017-07-18 00:00:00+00:00,150.08,150.13,148.67,149.2,17713795,35.71525639
2017-07-19 00:00:00+00:00,151.02,151.42,149.95,150.48,20615419,35.93895269
2017-07-20 00:00:00+00:00,150.34,151.74,150.19,151.5,17053326,35.77712984
2017-07-21 00:00:00+00:00,150.27,150.44,148.88,149.99,24671002,35.7604716
2017-07-24 00:00:00+00:00,152.09,152.44,149.9,150.58,21122730,36.19358572
2017-07-25 00:00:00+00:00,152.74,153.84,151.8,151.8,18612649,36.34826933
2017-07-26 00:00:00+00:00,153.46,153.93,153.06,153.35,15172136,36.51961118
2017-07-27 00:00:00+00:00,150.56,153.99,147.3,153.75,32175875,35.82948429
2017-07-28 00:00:00+00:00,149.5,150.23,149.19,149.89,16832947,35.57723101
2017-07-31 00:00:00+00:00,148.73,150.33,148.13,149.9,19422655,35.39399042
2017-08-01 00:00:00+00:00,150.05,150.22,148.41,149.1,24725526,35.70811715
2017-08-02 00:00:00+00:00,157.14,159.75,156.16,159.28,69222793,37.3953584
2017-08-03 00:00:00+00:00,155.57,157.21,155.02,157.05,26000738,37.02173798
2017-08-04 00:00:00+00:00,156.39,157.4,155.69,156.07,20349532,37.21687731
2017-08-07 00:00:00+00:00,158.81,158.92,156.6701,157.06,21870321,37.7927763
2017-08-08 00:00:00+00:00,160.08,161.83,158.27,158.6,35775675,38.09500428
2017-08-09 00:00:00+00:00,161.059998,161.27,159.11,159.26,25640394,38.3282191
2017-08-10 00:00:00+00:00,155.32,160,154.63,159.9,39081017,37.1121684
2017-08-11 00:00:00+00:00,157.48,158.5728,156.07,156.6,25943187,37.62827891
2017-08-14 00:00:00+00:00,159.85,160.21,158.75,159.32,21754810,38.19456683
2017-08-15 00:00:00+00:00,161.6,162.195,160.14,160.66,27936774,38.61271191
2017-08-16 00:00:00+00:00,160.95,162.51,160.15,161.94,27321761,38.45740088
2017-08-17 00:00:00+00:00,157.86,160.71,157.84,160.52,26925694,37.71907613
2017-08-18 00:00:00+00:00,157.5,159.5,156.72,157.86,27012525,37.63305771
2017-08-21 00:00:00+00:00,157.21,157.89,155.1101,157.5,26145653,37.5637651
2017-08-22 00:00:00+00:00,159.78,160,158.02,158.23,21297812,38.17784102
2017-08-23 00:00:00+00:00,159.98,160.47,158.88,159.07,19198189,38.22562903
2017-08-24 00:00:00+00:00,159.27,160.74,158.55,160.43,19029621,38.0559816
2017-08-25 00:00:00+00:00,159.86,160.56,159.27,159.65,25015218,38.19695623
2017-08-28 00:00:00+00:00,161.47,162,159.93,160.14,25279674,38.5816497
2017-08-29 00:00:00+00:00,162.91,163.12,160,160.1,29307862,38.92572337
2017-08-30 00:00:00+00:00,163.35,163.89,162.61,163.8,26973946,39.030857
2017-08-31 00:00:00+00:00,164,164.52,163.48,163.64,26412439,39.18616803
2017-09-01 00:00:00+00:00,164.05,164.94,163.63,164.8,16508568,39.19811503
2017-09-05 00:00:00+00:00,162.08,164.25,160.56,163.75,29317054,38.72740313
2017-09-06 00:00:00+00:00,161.91,162.99,160.52,162.71,21179047,38.68678333
2017-09-07 00:00:00+00:00,161.26,162.24,160.36,162.09,21722995,38.53147229
2017-09-08 00:00:00+00:00,158.63,161.15,158.53,160.86,28183159,37.90305997
2017-09-11 00:00:00+00:00,161.5,162.05,159.89,160.5,31028926,38.58881791
2017-09-12 00:00:00+00:00,160.86,163.96,158.77,162.61,71139119,38.43589627
2017-09-13 00:00:00+00:00,159.65,159.96,157.91,159.87,44393752,38.14677882
2017-09-14 00:00:00+00:00,158.28,159.4,158.09,158.99,23073646,37.81943095
2017-09-15 00:00:00+00:00,159.88,160.97,158,158.47,48203642,38.20173503
2017-09-18 00:00:00+00:00,158.67,160.5,157.995,160.11,27939718,37.91261757
2017-09-19 00:00:00+00:00,158.73,159.77,158.44,159.51,20347352,37.92695397
2017-09-20 00:00:00+00:00,156.07,158.26,153.83,157.9,51693239,37.29137344
2017-09-21 00:00:00+00:00,153.39,155.8,152.75,155.8,36643382,36.65101411
2017-09-22 00:00:00+00:00,151.89,152.27,150.56,152.02,46114424,36.29260404
2017-09-25 00:00:00+00:00,150.55,151.83,149.16,149.99,43922334,35.97242437
2017-09-26 00:00:00+00:00,153.14,153.92,151.69,151.78,35470985,36.5912791
2017-09-27 00:00:00+00:00,154.23,154.7189,153.54,153.8,24959552,36.85172375
2017-09-28 00:00:00+00:00,153.28,154.28,152.7,153.89,21896592,36.6247307
2017-09-29 00:00:00+00:00,154.12,154.13,152,153.21,25856530,36.82544034
2017-10-02 00:00:00+00:00,153.81,154.45,152.72,154.26,18524860,36.75136893
2017-10-03 00:00:00+00:00,154.48,155.09,153.91,154.01,16146388,36.91145876
2017-10-04 00:00:00+00:00,153.48,153.86,152.46,153.63,19844177,36.67251871
2017-10-05 00:00:00+00:00,155.39,155.44,154.05,154.18,21032800,37.12889421
2017-10-06 00:00:00+00:00,155.3,155.49,154.56,154.97,16423749,37.1073896
2017-10-09 00:00:00+00:00,155.84,156.73,155.485,155.81,16200129,37.23641723
2017-10-10 00:00:00+00:00,155.9,158,155.1,156.055,15456331,37.25075363
2017-10-11 00:00:00+00:00,156.55,156.98,155.75,155.97,16607693,37.40606466
2017-10-12 00:00:00+00:00,156,157.37,155.7299,156.35,16045720,37.27464764
2017-10-13 00:00:00+00:00,156.99,157.28,156.41,156.73,16287608,37.51119829
2017-10-16 00:00:00+00:00,159.88,160,157.65,157.9,23894630,38.20173503
2017-10-17 00:00:00+00:00,160.47,160.87,159.23,159.78,18816438,38.34270966
2017-10-18 00:00:00+00:00,159.76,160.71,159.6,160.42,16158659,38.17306222
2017-10-19 00:00:00+00:00,155.98,157.08,155.02,156.75,42111326,37.26986884
2017-10-20 00:00:00+00:00,156.25,157.75,155.96,156.61,23612246,37.33438265
2017-10-23 00:00:00+00:00,156.17,157.69,155.5,156.89,21654461,37.31526745
2017-10-24 00:00:00+00:00,157.1,157.42,156.2,156.29,17137731,37.53748169
2017-10-25 00:00:00+00:00,156.41,157.55,155.27,156.91,20126554,37.37261306
2017-10-26 00:00:00+00:00,157.41,157.8295,156.78,157.23,16751691,37.61155311
2017-10-27 00:00:00+00:00,163.05,163.6,158.7,159.29,43904150,38.95917498
2017-10-30 00:00:00+00:00,166.72,168.07,163.72,163.89,43923292,39.83608496
2017-10-31 00:00:00+00:00,169.04,169.6499,166.94,167.9,35474672,40.39042588
2017-11-01 00:00:00+00:00,166.89,169.94,165.61,169.87,33100847,39.87670477
2017-11-02 00:00:00+00:00,168.11,168.5,165.28,167.64,32710040,40.16821163
2017-11-03 00:00:00+00:00,172.5,174.26,171.12,174,58683826,41.21715844
2017-11-06 00:00:00+00:00,174.25,174.99,171.72,172.365,34242566,41.63530353
2017-11-07 00:00:00+00:00,174.81,175.25,173.6,173.91,23910914,41.76910996
2017-11-08 00:00:00+00:00,176.24,176.24,174.33,174.66,23907639,42.11079423
2017-11-09 00:00:00+00:00,175.88,176.095,173.14,175.11,28636531,42.02477581
2017-11-10 00:00:00+00:00,174.67,175.38,174.27,175.11,25061183,41.88619058
2017-11-13 00:00:00+00:00,173.97,174.5,173.4,173.5,16828025,41.71832928
2017-11-14 00:00:00+00:00,171.34,173.48,171.18,173.04,23588451,41.08765039
2017-11-15 00:00:00+00:00,169.08,170.3197,168.38,169.97,28702351,40.54569819
2017-11-16 00:00:00+00:00,171.1,171.87,170.3,171.18,23497326,41.03009795
2017-11-17 00:00:00+00:00,170.15,171.39,169.64,171.04,21665811,40.80228618
2017-11-20 00:00:00+00:00,169.98,170.56,169.56,170.29,15974387,40.76151987
2017-11-21 00:00:00+00:00,173.14,173.7,170.78,170.78,24875471,41.51929374
2017-11-22 00:00:00+00:00,174.96,175,173.05,173.36,24997274,41.95573312
2017-11-24 00:00:00+00:00,174.97,175.5,174.6459,175.1,14026519,41.95813114
2017-11-27 00:00:00+00:00,174.09,175.08,173.34,175.05,20536313,41.7471055
2017-11-28 00:00:00+00:00,173.07,174.87,171.86,174.3,25468442,41.50250761
2017-11-29 00:00:00+00:00,169.48,172.92,167.16,172.63,40788324,40.64161894
2017-11-30 00:00:00+00:00,171.85,172.14,168.44,170.43,40172368,41.20994934
2017-12-01 00:00:00+00:00,171.05,171.67,168.5,169.95,39590080,41.01810785
2017-12-04 00:00:00+00:00,169.8,172.62,169.63,172.48,32115052,40.71835553
2017-12-05 00:00:00+00:00,169.64,171.52,168.4,169.06,27008428,40.67998723
2017-12-06 00:00:00+00:00,169.01,170.2047,166.46,167.5,28224357,40.52891206
2017-12-07 00:00:00+00:00,169.32,170.44,168.91,169.03,24469613,40.60325064
2017-12-08 00:00:00+00:00,169.37,171,168.82,170.49,23096872,40.61524073
2017-12-11 00:00:00+00:00,172.67,172.89,168.79,169.2,33092051,41.40658687
2017-12-12 00:00:00+00:00,171.7,172.39,171.461,172.15,18945457,41.17397906
2017-12-13 00:00:00+00:00,172.27,173.54,172,172.5,23142242,41.31066612
2017-12-14 00:00:00+00:00,172.22,173.13,171.65,172.4,20219307,41.29867603
2017-12-15 00:00:00+00:00,173.97,174.17,172.46,173.63,37054632,41.71832928
2017-12-18 00:00:00+00:00,176.42,177.2,174.86,174.88,28831533,42.30584383
2017-12-19 00:00:00+00:00,174.54,175.39,174.09,175.03,27078872,41.85501634
2017-12-20 00:00:00+00:00,174.35,175.42,173.25,174.87,23000392,41.80945399
2017-12-21 00:00:00+00:00,175.01,176.02,174.1,174.17,20356826,41.96772321
2017-12-22 00:00:00+00:00,175.01,175.42,174.5,174.68,16052615,41.96772321
2017-12-26 00:00:00+00:00,170.57,171.47,169.68,170.8,32968167,40.90300296
2017-12-27 00:00:00+00:00,170.6,170.78,169.71,170.1,21672062,40.91019702
2017-12-28 00:00:00+00:00,171.08,171.85,170.48,171,15997739,41.02530191
2017-12-29 00:00:00+00:00,169.23,170.59,169.22,170.52,25643711,40.58166847
2018-01-02 00:00:00+00:00,172.26,172.3,169.26,170.16,25048048,41.3082681
2018-01-03 00:00:00+00:00,172.23,174.55,171.96,172.53,28819653,41.30107405
2018-01-04 00:00:00+00:00,173.03,173.47,172.08,172.54,22211345,41.49291553
2018-01-05 00:00:00+00:00,175,175.37,173.05,173.44,23016177,41.96532519
2018-01-08 00:00:00+00:00,174.35,175.61,173.93,174.35,20134092,41.80945399
2018-01-09 00:00:00+00:00,174.33,175.06,173.41,174.55,21262614,41.80465795
2018-01-10 00:00:00+00:00,174.29,174.3,173,173.16,23589129,41.79506588
2018-01-11 00:00:00+00:00,175.28,175.49,174.49,174.59,17523256,42.03246972
2018-01-12 00:00:00+00:00,177.09,177.36,175.65,176.18,25039531,42.46651108
2018-01-16 00:00:00+00:00,176.19,179.39,176.14,177.9,29159005,42.25068941
2018-01-17 00:00:00+00:00,179.1,179.25,175.07,176.15,32752734,42.94851281
2018-01-18 00:00:00+00:00,179.26,180.1,178.25,179.37,30234512,42.98688111
2018-01-19 00:00:00+00:00,178.46,179.58,177.41,178.61,30827809,42.79503962
2018-01-22 00:00:00+00:00,177,177.78,176.6,177.3,26023683,42.44492891
2018-01-23 00:00:00+00:00,177.04,179.44,176.82,177.3,31702531,42.45452099
2018-01-24 00:00:00+00:00,174.22,177.3,173.2,177.25,50562257,41.77827975
2018-01-25 00:00:00+00:00,171.11,174.95,170.53,174.51,39661804,41.03249597
2018-01-26 00:00:00+00:00,171.51,172,170.06,172,37121805,41.12841671
2018-01-29 00:00:00+00:00,167.96,170.16,167.07,170.16,48434424,40.27712011
2018-01-30 00:00:00+00:00,166.97,167.37,164.7,165.53,45137026,40.03971627
2018-01-31 00:00:00+00:00,167.43,168.44,166.5,166.87,30984099,40.15002513
2018-02-01 00:00:00+00:00,167.78,168.62,166.76,167.17,38099665,40.23395578
2018-02-02 00:00:00+00:00,160.5,166.8,160.1,166,85436075,38.48819825
2018-02-05 00:00:00+00:00,156.49,163.88,156,159.1,66090446,37.5265928
2018-02-06 00:00:00+00:00,163.03,163.72,154,154.83,66625484,39.09489695
2018-02-07 00:00:00+00:00,159.54,163.4,159.07,163.09,50852130,38.25798847
2018-02-08 00:00:00+00:00,155.15,161,155.03,160.29,49594129,37.20525831
2018-02-09 00:00:00+00:00,156.41,157.89,150.24,157.07,66723743,37.65848382
2018-02-12 00:00:00+00:00,162.71,163.89,157.51,158.5,60560145,39.17532065
2018-02-13 00:00:00+00:00,164.34,164.75,161.65,161.95,32104756,39.56777208
2018-02-14 00:00:00+00:00,167.37,167.54,162.88,163.04,39669178,40.29729836
2018-02-15 00:00:00+00:00,172.99,173.09,169,169.79,50609595,41.65041312
2018-02-16 00:00:00+00:00,172.43,174.82,171.77,172.36,39638793,41.51558318
2018-02-20 00:00:00+00:00,171.85,174.26,171.42,172.05,33531012,41.37593788
2018-02-21 00:00:00+00:00,171.07,174.12,171.01,172.83,35833514,41.18813904
2018-02-22 00:00:00+00:00,172.5,173.95,171.71,171.8,30504116,41.53243692
2018-02-23 00:00:00+00:00,175.5,175.65,173.54,173.67,33329232,42.25474017
2018-02-26 00:00:00+00:00,178.97,179.39,176.21,176.35,36886432,43.09020427
2018-02-27 00:00:00+00:00,178.39,180.48,178.16,179.1,38685165,42.95055897
2018-02-28 00:00:00+00:00,178.12,180.62,178.05,179.26,33604574,42.88555168
2018-03-01 00:00:00+00:00,175,179.78,172.66,178.54,48801970,42.1343563
2018-03-02 00:00:00+00:00,176.21,176.3,172.45,172.8,38453950,42.42568528
2018-03-05 00:00:00+00:00,176.82,177.74,174.52,175.21,28401366,42.5725536
2018-03-06 00:00:00+00:00,176.67,178.25,176.13,177.91,23788506,42.53643844
2018-03-07 00:00:00+00:00,175.03,175.85,174.27,174.94,31703462,42.14157933
2018-03-08 00:00:00+00:00,176.94,177.12,175.07,175.48,23163767,42.60144573
2018-03-09 00:00:00+00:00,179.98,180,177.39,177.96,31385134,43.33337969
2018-03-12 00:00:00+00:00,181.72,182.39,180.21,180.29,32055405,43.75231558
2018-03-13 00:00:00+00:00,179.97,183.5,179.24,182.59,31168404,43.33097202
2018-03-14 00:00:00+00:00,178.44,180.52,177.81,180.32,29075469,42.96259736
2018-03-15 00:00:00+00:00,178.65,180.24,178.07,178.5,22584565,43.01315859
2018-03-16 00:00:00+00:00,178.02,179.12,177.62,178.65,36836456,42.8614749
2018-03-19 00:00:00+00:00,175.3,177.47,173.66,177.32,32804695,42.20658662
2018-03-20 00:00:00+00:00,175.24,176.8,174.94,175.24,19314039,42.19214056
2018-03-21 00:00:00+00:00,171.27,175.09,171.26,175.04,35247358,41.23629259
2018-03-22 00:00:00+00:00,168.85,172.68,168.6,170,41051076,40.65363463
2018-03-23 00:00:00+00:00,164.94,169.92,164.94,168.39,40248954,39.71223273
2018-03-26 00:00:00+00:00,172.77,173.1,166.44,168.07,36272617,41.59744421
2018-03-27 00:00:00+00:00,168.34,175.15,166.92,173.68,38962839,40.53084308
2018-03-28 00:00:00+00:00,166.48,170.02,165.19,167.25,41668545,40.08301507
2018-03-29 00:00:00+00:00,167.78,171.75,166.9,167.81,38398505,40.39601314
2018-04-02 00:00:00+00:00,166.68,168.94,164.47,166.64,37586791,40.13116862
2018-04-03 00:00:00+00:00,168.39,168.75,164.88,167.64,30278046,40.54288147
2018-04-04 00:00:00+00:00,171.61,172.01,164.77,164.88,34605489,41.31815362
2018-04-05 00:00:00+00:00,172.8,174.23,172.08,172.58,26933197,41.60466725
2018-04-06 00:00:00+00:00,168.38,172.48,168.2,170.97,35005290,40.54047379
2018-04-09 00:00:00+00:00,170.05,173.09,169.85,169.88,29017718,40.94255593
2018-04-10 00:00:00+00:00,173.25,174,171.53,173,28614241,41.71301274
2018-04-11 00:00:00+00:00,172.44,173.92,171.7,172.23,22431640,41.51799086
2018-04-12 00:00:00+00:00,174.14,175,173.04,173.41,22889285,41.92729603
2018-04-13 00:00:00+00:00,174.73,175.84,173.85,174.78,25124255,42.06934901
2018-04-16 00:00:00+00:00,175.82,176.19,174.83,175.03,21578420,42.33178585
2018-04-17 00:00:00+00:00,178.24,178.94,176.41,176.49,26605442,42.91444381
2018-04-18 00:00:00+00:00,177.84,178.82,176.88,177.81,20754538,42.81813671
2018-04-19 00:00:00+00:00,172.8,175.39,172.66,173.76,34808800,41.60466725
2018-04-20 00:00:00+00:00,165.72,171.22,165.43,170.6,65491140,39.90003158
2018-04-23 00:00:00+00:00,165.24,166.92,164.09,166.83,36515477,39.78446306
2018-04-24 00:00:00+00:00,162.94,166.33,161.22,165.67,33692017,39.23069723
2018-04-25 00:00:00+00:00,163.65,165.42,162.41,162.62,28382084,39.40164233
2018-04-26 00:00:00+00:00,164.22,165.73,163.37,164.12,27963014,39.53887995
2018-04-27 00:00:00+00:00,162.32,164.33,160.63,164,35655839,39.08142122
2018-04-30 00:00:00+00:00,165.26,167.26,161.84,162.13,42427424,39.78927841
2018-05-01 00:00:00+00:00,169.1,169.2,165.27,166.41,53569376,40.71382657
2018-05-02 00:00:00+00:00,176.57,177.75,173.8,175.23,66539371,42.51236167
2018-05-03 00:00:00+00:00,176.89,177.5,174.44,175.88,34068180,42.58940735
2018-05-04 00:00:00+00:00,183.83,184.25,178.17,178.25,56201317,44.26033553
2018-05-07 00:00:00+00:00,185.16,187.67,184.75,185.18,42451423,44.58055664
2018-05-08 00:00:00+00:00,186.05,186.22,183.67,184.99,28402777,44.79483994
2018-05-09 00:00:00+00:00,187.36,187.4,185.22,186.55,23211241,45.11024569
2018-05-10 00:00:00+00:00,190.04,190.37,187.65,187.74,27989289,45.75550326
2018-05-11 00:00:00+00:00,188.59,190.06,187.45,189.49,26212221,45.58215048
2018-05-14 00:00:00+00:00,188.15,189.53,187.86,189.01,20778772,45.4758026
2018-05-15 00:00:00+00:00,186.44,187.07,185.1,186.78,23695159,45.06249608
2018-05-16 00:00:00+00:00,188.18,188.46,186,186.07,19183064,45.4830536
2018-05-17 00:00:00+00:00,186.99,188.91,186.36,188,17294029,45.19543093
2018-05-18 00:00:00+00:00,186.31,187.81,186.13,187.19,18297728,45.03107512
2018-05-21 00:00:00+00:00,187.63,189.27,186.91,188,18400787,45.35011875
2018-05-22 00:00:00+00:00,187.16,188.88,186.78,188.38,15240704,45.23651988
2018-05-23 00:00:00+00:00,188.36,188.5,185.76,186.35,20058415,45.52655955
2018-05-24 00:00:00+00:00,188.15,188.84,186.21,188.77,23233975,45.4758026
2018-05-25 00:00:00+00:00,188.58,189.65,187.65,188.23,17460963,45.57973348
2018-05-29 00:00:00+00:00,187.9,188.75,186.87,187.6,22514075,45.41537767
2018-05-30 00:00:00+00:00,187.5,188,186.78,187.72,18690547,45.31869779
2018-05-31 00:00:00+00:00,186.87,188.23,186.14,187.22,27482793,45.16642696
2018-06-01 00:00:00+00:00,190.24,190.26,187.75,187.99,23442510,45.98095502
2018-06-04 00:00:00+00:00,191.83,193.42,191.35,191.64,26266174,46.36525758
2018-06-05 00:00:00+00:00,193.31,193.94,192.36,193.07,21565963,46.72297317
2018-06-06 00:00:00+00:00,193.98,194.08,191.92,193.63,20933619,46.88491198
2018-06-07 00:00:00+00:00,193.46,194.2,192.34,194.14,21347180,46.75922813
2018-06-08 00:00:00+00:00,191.7,192,189.77,191.17,26656799,46.33383662
2018-06-11 00:00:00+00:00,191.23,191.97,190.21,191.35,18308460,46.22023775
2018-06-12 00:00:00+00:00,192.28,192.61,191.15,191.39,16911141,46.47402245
2018-06-13 00:00:00+00:00,190.7,192.88,190.44,192.42,21638393,46.09213689
2018-06-14 00:00:00+00:00,190.8,191.57,190.22,191.55,21610074,46.11630687
2018-06-15 00:00:00+00:00,188.84,190.16,188.26,190.03,61719160,45.64257541
2018-06-18 00:00:00+00:00,188.74,189.22,187.2,187.88,18484865,45.61840544
2018-06-19 00:00:00+00:00,185.69,186.33,183.45,185.14,33578455,44.88122129
2018-06-20 00:00:00+00:00,186.5,187.2,185.73,186.35,20628701,45.07699806
2018-06-21 00:00:00+00:00,185.46,188.35,184.94,187.25,25711898,44.82563035
2018-06-22 00:00:00+00:00,184.92,186.15,184.7,186.12,27200447,44.6951125
2018-06-25 00:00:00+00:00,182.17,184.92,180.73,183.4,31663096,44.03043827
2018-06-26 00:00:00+00:00,184.43,186.53,182.54,182.99,24569201,44.57667964
2018-06-27 00:00:00+00:00,184.16,187.28,184.03,185.23,25285328,44.51142072
2018-06-28 00:00:00+00:00,185.5,186.21,183.8,184.1,17365235,44.83529834
2018-06-29 00:00:00+00:00,185.11,187.19,182.91,186.29,22737666,44.74103545
2018-07-02 00:00:00+00:00,187.18,187.3,183.42,183.82,17731343,45.24135387
2018-07-03 00:00:00+00:00,183.92,187.95,183.54,187.79,13954806,44.45341278
2018-07-05 00:00:00+00:00,185.4,186.41,184.28,185.26,16604248,44.81112837
2018-07-06 00:00:00+00:00,187.97,188.43,185.2,185.42,17485245,45.43229665
2018-07-09 00:00:00+00:00,190.58,190.68,189.3,189.5,19756634,46.06313293
2018-07-10 00:00:00+00:00,190.35,191.28,190.18,190.71,15939149,46.00754199
2018-07-11 00:00:00+00:00,187.88,189.78,187.61,188.5,18831470,45.41054368
2018-07-12 00:00:00+00:00,191.03,191.41,189.31,189.53,18041131,46.1718978
2018-07-13 00:00:00+00:00,191.33,191.84,190.9,191.08,12519792,46.24440772
2018-07-16 00:00:00+00:00,190.91,192.65,190.42,191.52,15043110,46.14289384
2018-07-17 00:00:00+00:00,191.45,191.87,189.2,189.75,15534523,46.27341169
2018-07-18 00:00:00+00:00,190.4,191.8,189.93,191.78,16393381,46.01962698
2018-07-19 00:00:00+00:00,191.88,192.55,189.69,189.69,20286752,46.37734257
2018-07-20 00:00:00+00:00,191.44,192.43,190.17,191.78,20706042,46.27099469
2018-07-23 00:00:00+00:00,191.61,191.96,189.56,190.68,15989365,46.31208364
2018-07-24 00:00:00+00:00,193,193.66,192.05,192.45,18697898,46.64804625
2018-07-25 00:00:00+00:00,194.82,194.85,192.43,193.06,16826483,47.08793975
2018-07-26 00:00:00+00:00,194.21,195.96,193.61,194.61,19075964,46.94050292
2018-07-27 00:00:00+00:00,190.98,195.19,190.1,194.99,24023972,46.15981282
2018-07-30 00:00:00+00:00,189.91,192.2,189.07,191.9,21029535,45.90119411
2018-07-31 00:00:00+00:00,190.29,192.14,189.34,190.3,39373038,45.99304001
2018-08-01 00:00:00+00:00,201.5,201.76,197.31,199.13,67935716,48.70249389
2018-08-02 00:00:00+00:00,207.39,208.38,200.35,200.58,62404012,50.12610525
2018-08-03 00:00:00+00:00,207.99,208.74,205.48,207.03,33447396,50.27112508
2018-08-06 00:00:00+00:00,209.07,209.25,207.07,208,25425387,50.53216078
2018-08-07 00:00:00+00:00,207.11,209.5,206.76,209.32,25587387,50.05842932
2018-08-08 00:00:00+00:00,207.25,207.81,204.52,206.05,22525487,50.09226729
2018-08-09 00:00:00+00:00,208.88,209.78,207.2,207.28,23492626,50.48623783
2018-08-10 00:00:00+00:00,207.53,209.1,206.67,207.36,24611202,50.336384
2018-08-13 00:00:00+00:00,208.87,210.95,207.7,207.7,25890880,50.66140089
2018-08-14 00:00:00+00:00,209.75,210.56,208.26,210.16,20748010,50.87484482
2018-08-15 00:00:00+00:00,210.24,210.74,208.33,209.22,28807564,50.99369428
2018-08-16 00:00:00+00:00,213.32,213.81,211.47,211.75,28500367,51.74074802
2018-08-17 00:00:00+00:00,217.58,217.95,213.16,213.44,35426997,52.77401066
2018-08-20 00:00:00+00:00,215.46,219.18,215.11,218.1,30287695,52.25980484
2018-08-21 00:00:00+00:00,215.04,217.19,214.03,216.8,26159755,52.15793387
2018-08-22 00:00:00+00:00,215.05,216.36,213.84,214.1,19018131,52.16035937
2018-08-23 00:00:00+00:00,215.49,217.05,214.6,214.65,18883224,52.26708133
2018-08-24 00:00:00+00:00,216.16,216.9,215.11,216.6,18476356,52.42958978
2018-08-27 00:00:00+00:00,217.94,218.74,216.33,217.15,20525117,52.86132863
2018-08-28 00:00:00+00:00,219.7,220.54,218.92,219.01,22776766,53.28821648
2018-08-29 00:00:00+00:00,222.98,223.49,219.41,220.15,27254804,54.0837802
2018-08-30 00:00:00+00:00,225.03,228.26,222.4,223.25,48793824,54.58100753
2018-08-31 00:00:00+00:00,227.63,228.87,226,226.51,43340134,55.21163731
2018-09-04 00:00:00+00:00,228.36,229.18,226.63,228.41,27390132,55.38869875
2018-09-05 00:00:00+00:00,226.87,229.67,225.1,228.99,33332960,55.02729937
2018-09-06 00:00:00+00:00,223.1,227.35,221.3,226.23,34289976,54.11288619
2018-09-07 00:00:00+00:00,221.3,225.37,220.71,221.85,37619810,53.67629634
2018-09-10 00:00:00+00:00,218.33,221.85,216.47,220.95,39516453,52.95592309
2018-09-11 00:00:00+00:00,223.85,224.3,216.56,218.01,35749049,54.29479863
2018-09-12 00:00:00+00:00,221.07,225,219.84,224.94,49278740,53.62050986
2018-09-13 00:00:00+00:00,226.41,228.35,222.57,223.52,41706377,54.91572641
2018-09-14 00:00:00+00:00,223.84,226.84,222.52,225.75,31999289,54.29237313
2018-09-17 00:00:00+00:00,217.88,222.95,217.27,222.15,37195133,52.84677563
2018-09-18 00:00:00+00:00,218.24,221.85,217.12,217.79,31571712,52.9340936
2018-09-19 00:00:00+00:00,218.37,219.62,215.3,218.5,27123833,52.96562509
2018-09-20 00:00:00+00:00,220.03,222.28,219.15,220.24,26608794,53.36825795
2018-09-21 00:00:00+00:00,217.66,221.36,217.29,220.78,96246748,52.79341465
2018-09-24 00:00:00+00:00,220.79,221.26,216.63,216.82,27693358,53.55259589
2018-09-25 00:00:00+00:00,222.19,222.82,219.7,219.75,24554379,53.89216577
2018-09-26 00:00:00+00:00,220.42,223.75,219.76,221,23984706,53.46285242
2018-09-27 00:00:00+00:00,224.95,226.44,223.54,223.82,30181227,54.56160354
2018-09-28 00:00:00+00:00,225.74,225.84,224.02,224.79,22929364,54.75321797
2018-10-01 00:00:00+00:00,227.26,229.42,226.35,227.95,23600802,55.12189384
2018-10-02 00:00:00+00:00,229.28,230,226.63,227.25,24788170,55.61184467
2018-10-03 00:00:00+00:00,232.07,233.47,229.78,230.05,28654799,56.28855894
2018-10-04 00:00:00+00:00,227.99,232.35,226.73,230.78,32042000,55.29895528
2018-10-05 00:00:00+00:00,224.29,228.41,220.58,227.96,33580463,54.40152059
2018-10-08 00:00:00+00:00,223.77,224.8,220.2,222.21,29663923,54.27539464
2018-10-09 00:00:00+00:00,226.87,227.27,222.25,223.64,26891029,55.02729937
2018-10-10 00:00:00+00:00,216.36,226.35,216.05,225.46,41990554,52.47809976
2018-10-11 00:00:00+00:00,214.45,219.5,212.32,214.52,53124392,52.01482942
2018-10-12 00:00:00+00:00,222.11,222.88,216.84,220.42,40337851,53.87276178
2018-10-15 00:00:00+00:00,217.36,221.83,217.27,221.16,30791007,52.72064968
2018-10-16 00:00:00+00:00,222.15,222.99,216.76,218.93,29183963,53.88246377
2018-10-17 00:00:00+00:00,221.19,222.64,219.34,222.3,22885397,53.64961585
2018-10-18 00:00:00+00:00,216.02,219.74,213,217.86,32581315,52.39563279
2018-10-19 00:00:00+00:00,219.31,221.26,217.43,218.06,33078726,53.19362201
2018-10-22 00:00:00+00:00,220.65,223.36,218.94,219.79,28792082,53.5186389
2018-10-23 00:00:00+00:00,222.73,223.25,214.7,215.83,38767846,54.02314272
2018-10-24 00:00:00+00:00,215.09,224.23,214.54,222.6,40925163,52.17006137
2018-10-25 00:00:00+00:00,219.8,221.38,216.75,217.71,29855768,53.31247147
2018-10-26 00:00:00+00:00,216.3,220.19,212.67,215.9,47258375,52.46354677
2018-10-29 00:00:00+00:00,212.24,219.69,206.09,219.19,45935520,51.47879411
2018-10-30 00:00:00+00:00,213.3,215.18,209.27,211.15,36659990,51.73589702
2018-10-31 00:00:00+00:00,218.86,220.45,216.62,216.88,38358933,53.08447455
2018-11-01 00:00:00+00:00,222.22,222.36,216.81,219.05,58323180,53.89944227
2018-11-02 00:00:00+00:00,207.48,213.65,205.43,209.55,91328654,50.32425651
2018-11-05 00:00:00+00:00,201.59,204.39,198.17,204.3,66163669,48.89563751
2018-11-06 00:00:00+00:00,203.77,204.72,201.69,201.92,31882881,49.42439632
2018-11-07 00:00:00+00:00,209.95,210.06,204.13,205.97,33424434,50.9233548
2018-11-08 00:00:00+00:00,208.49,210.12,206.75,209.98,25362636,50.74629336
2018-11-09 00:00:00+00:00,204.47,206.01,202.25,205.55,34365750,49.76782869
2018-11-12 00:00:00+00:00,194.17,199.85,193.79,199,51135518,47.26081722
2018-11-13 00:00:00+00:00,192.23,197.18,191.45,191.63,46882936,46.78862283
2018-11-14 00:00:00+00:00,186.8,194.48,185.93,193.9,60800957,45.46696532
2018-11-15 00:00:00+00:00,191.41,191.97,186.9,188.39,46478801,46.5890355
2018-11-16 00:00:00+00:00,193.53,194.97,189.46,190.5,36928253,47.10504175
2018-11-19 00:00:00+00:00,185.86,190.7,184.99,190,41920872,45.2381701
2018-11-20 00:00:00+00:00,176.98,181.47,175.51,178.37,67825247,43.07678545
2018-11-21 00:00:00+00:00,176.78,180.27,176.55,179.73,31124210,43.02810562
2018-11-23 00:00:00+00:00,172.29,176.595,172.1,174.94,23623972,41.93524334
2018-11-26 00:00:00+00:00,174.62,174.95,170.26,174.24,44998520,42.50236341
2018-11-27 00:00:00+00:00,174.24,174.77,170.88,171.51,41387377,42.40987172
2018-11-28 00:00:00+00:00,180.94,181.29,174.93,176.73,46062539,44.04064617
2018-11-29 00:00:00+00:00,179.55,182.8,177.7,182.66,41769992,43.70232133
2018-11-30 00:00:00+00:00,178.58,180.33,177.03,180.29,39531549,43.46622413
2018-12-03 00:00:00+00:00,184.82,184.94,181.21,184.46,40798002,44.98503496
2018-12-04 00:00:00+00:00,176.69,182.39,176.27,180.95,41344282,43.00619969
2018-12-06 00:00:00+00:00,174.72,174.78,170.42,171.76,43098410,42.52670332
2018-12-07 00:00:00+00:00,168.49,174.49,168.3,173.49,42281631,41.01032648
2018-12-10 00:00:00+00:00,169.6,170.09,163.33,165,62025994,41.28049956
2018-12-11 00:00:00+00:00,168.63,171.79,167,171.66,47281665,41.04440237
2018-12-12 00:00:00+00:00,169.1,171.92,169.02,170.4,35627674,41.15879998
2018-12-13 00:00:00+00:00,170.95,172.57,169.55,170.49,31897827,41.60908845
2018-12-14 00:00:00+00:00,165.48,169.08,165.28,169,40703710,40.27769498
2018-12-17 00:00:00+00:00,163.94,168.35,162.73,165.45,44287922,39.90286025
2018-12-18 00:00:00+00:00,166.07,167.53,164.39,165.38,33841518,40.42130049
2018-12-19 00:00:00+00:00,160.89,167.45,159.09,166,49047297,39.16049278
2018-12-20 00:00:00+00:00,156.83,162.11,155.3,160.4,64772960,38.17229214
2018-12-21 00:00:00+00:00,150.73,158.16,149.63,156.86,95744384,36.68755719
2018-12-24 00:00:00+00:00,146.83,151.55,146.59,148.15,37169232,35.73830042
2018-12-26 00:00:00+00:00,157.17,157.23,146.72,148.3,58582544,38.25504786
2018-12-27 00:00:00+00:00,156.15,156.77,150.07,155.84,53117065,38.0067807
2018-12-28 00:00:00+00:00,156.23,158.52,154.55,157.5,42291424,38.02625264
2018-12-31 00:00:00+00:00,157.74,159.36,156.48,158.53,35003466,38.39378538
2019-01-02 00:00:00+00:00,157.92,158.85,154.23,154.89,37039737,38.43759724
2019-01-03 00:00:00+00:00,142.19,145.72,142,143.98,91312195,34.60892826
2019-01-04 00:00:00+00:00,148.26,148.55,143.8,144.53,58607070,36.08636123
2019-01-07 00:00:00+00:00,147.93,148.83,145.9,148.7,54777764,36.00603951
2019-01-08 00:00:00+00:00,150.75,151.82,148.52,149.56,41025314,36.69242517
2019-01-09 00:00:00+00:00,153.31,154.53,149.63,151.29,45099081,37.31552705
2019-01-10 00:00:00+00:00,153.8,153.97,150.86,152.5,35780670,37.43479265
2019-01-11 00:00:00+00:00,152.29,153.7,151.51,152.88,27023241,37.0672599
2019-01-14 00:00:00+00:00,150,151.27,149.22,150.85,32439186,36.50987579
2019-01-15 00:00:00+00:00,153.07,153.39,150.05,150.27,28710324,37.25711125
2019-01-16 00:00:00+00:00,154.94,155.88,153,153.08,30569706,37.7122677
2019-01-17 00:00:00+00:00,155.86,157.66,153.26,154.2,29821160,37.93619494
2019-01-18 00:00:00+00:00,156.82,157.88,155.98,157.5,33751023,38.16985815
2019-01-22 00:00:00+00:00,153.3,156.73,152.62,156.41,30393970,37.31309306
2019-01-23 00:00:00+00:00,153.92,155.14,151.7,154.15,23130570,37.46400055
2019-01-24 00:00:00+00:00,152.7,154.48,151.74,154.11,25441549,37.16705356
2019-01-25 00:00:00+00:00,157.76,158.13,154.32,155.48,33547893,38.39865337
2019-01-28 00:00:00+00:00,156.3,156.33,153.66,155.79,26192058,38.04329058
2019-01-29 00:00:00+00:00,154.68,158.13,154.11,156.25,41587239,37.64898392
2019-01-30 00:00:00+00:00,165.25,166.15,160.23,163.25,61109780,40.22171317
2019-01-31 00:00:00+00:00,166.44,169,164.56,166.11,40739649,40.51135818
2019-02-01 00:00:00+00:00,166.52,168.98,165.93,166.96,32668138,40.53083011
2019-02-04 00:00:00+00:00,171.25,171.66,167.28,167.41,31495582,41.6821082
2019-02-05 00:00:00+00:00,174.18,175.08,172.35,172.86,36101628,42.39526777
2019-02-06 00:00:00+00:00,174.24,175.57,172.85,174.65,28239591,42.40987172
2019-02-07 00:00:00+00:00,170.94,173.94,170.34,172.4,31741690,41.60665445
2019-02-08 00:00:00+00:00,170.41,170.66,168.42,168.99,23819966,41.65533429
2019-02-11 00:00:00+00:00,169.43,171.21,169.25,171.05,20993425,41.41578128
2019-02-12 00:00:00+00:00,170.89,171,169.7,170.1,22283523,41.77266637
2019-02-13 00:00:00+00:00,170.18,172.48,169.92,171.39,22490233,41.59911267
2019-02-14 00:00:00+00:00,170.8,171.26,169.38,169.71,21835747,41.75066661
2019-02-15 00:00:00+00:00,170.42,171.7,169.75,171.25,24626814,41.65777871
2019-02-19 00:00:00+00:00,170.93,171.44,169.49,169.71,18972826,41.78244405
2019-02-20 00:00:00+00:00,172.03,173.32,170.99,171.19,26114362,42.05133007
2019-02-21 00:00:00+00:00,171.06,172.37,170.3,171.8,17249670,41.81422149
2019-02-22 00:00:00+00:00,172.97,173,171.38,171.58,18913154,42.2811054
2019-02-25 00:00:00+00:00,174.23,175.87,173.95,174.16,21873358,42.58910213
2019-02-26 00:00:00+00:00,174.33,175.3,173.17,173.71,17070211,42.61354631
2019-02-27 00:00:00+00:00,174.87,175,172.73,173.21,27835389,42.7455449
2019-02-28 00:00:00+00:00,173.15,174.91,172.92,174.32,28215416,42.32510494
2019-03-01 00:00:00+00:00,174.97,175.15,172.89,174.28,25886167,42.76998909
2019-03-04 00:00:00+00:00,175.85,177.75,173.97,175.69,27436203,42.98509791
2019-03-05 00:00:00+00:00,175.53,176,174.54,175.94,19737419,42.90687652
2019-03-06 00:00:00+00:00,174.52,175.49,173.94,174.67,20810384,42.65999026
2019-03-07 00:00:00+00:00,172.5,174.44,172.02,173.87,24796374,42.16621774
2019-03-08 00:00:00+00:00,172.91,173.07,169.5,170.32,23999358,42.26643889
2019-03-11 00:00:00+00:00,178.9,179.12,175.35,175.49,32011034,43.73064553
2019-03-12 00:00:00+00:00,180.91,182.67,179.37,180,32467584,44.22197363
2019-03-13 00:00:00+00:00,181.71,183.3,180.92,182.25,31032524,44.4175271
2019-03-14 00:00:00+00:00,183.73,184.1,182.56,183.9,23579508,44.91129962
2019-03-15 00:00:00+00:00,186.12,187.33,183.74,184.85,39042912,45.49551563
2019-03-18 00:00:00+00:00,188.02,188.39,185.79,185.8,26219832,45.95995513
2019-03-19 00:00:00+00:00,186.53,188.99,185.92,188.35,31646369,45.59573678
2019-03-20 00:00:00+00:00,188.16,189.49,184.73,186.23,31035231,45.99417698
2019-03-21 00:00:00+00:00,195.09,196.33,189.81,190.02,51034237,47.68815895
2019-03-22 00:00:00+00:00,191.05,197.69,190.78,195.34,42407666,46.70061391
2019-03-25 00:00:00+00:00,188.74,191.98,186.6,191.51,43845293,46.13595325
2019-03-26 00:00:00+00:00,186.79,192.88,184.58,191.66,49800538,45.65929166
2019-03-27 00:00:00+00:00,188.47,189.76,186.55,188.75,29848427,46.06995396
2019-03-28 00:00:00+00:00,188.72,189.56,187.53,188.95,20780363,46.13106442
2019-03-29 00:00:00+00:00,189.95,190.08,188.54,189.83,23563961,46.43172788
2019-04-01 00:00:00+00:00,191.24,191.68,188.38,191.64,27861964,46.74705786
2019-04-02 00:00:00+00:00,194.02,194.46,191.05,191.09,22765732,47.42660618
2019-04-03 00:00:00+00:00,195.35,196.5,193.15,193.25,23271830,47.75171383
2019-04-04 00:00:00+00:00,195.69,196.37,193.14,194.79,19114275,47.83482405
2019-04-05 00:00:00+00:00,197,197.1,195.93,196.45,18526644,48.15504287
2019-04-08 00:00:00+00:00,200.1,200.23,196.34,196.42,25881697,48.91281258
2019-04-09 00:00:00+00:00,199.5,202.85,199.23,200.32,35768237,48.76614747
2019-04-10 00:00:00+00:00,200.62,200.74,198.18,198.68,21695288,49.03992233
2019-04-11 00:00:00+00:00,198.95,201,198.44,200.85,20900808,48.63170446
2019-04-12 00:00:00+00:00,198.87,200.14,196.21,199.2,27760668,48.61214911
2019-04-15 00:00:00+00:00,199.23,199.85,198.01,198.58,17536646,48.70014817
2019-04-16 00:00:00+00:00,199.25,201.37,198.56,199.46,25696385,48.70503701
2019-04-17 00:00:00+00:00,203.13,203.38,198.61,199.54,28906780,49.65347136
2019-04-18 00:00:00+00:00,203.86,204.15,202.52,203.12,24195766,49.8319139
2019-04-22 00:00:00+00:00,204.53,204.94,202.34,202.83,19439545,49.99568994
2019-04-23 00:00:00+00:00,207.48,207.75,203.9,204.43,23322991,50.71679337
2019-04-24 00:00:00+00:00,207.16,208.48,207.05,207.36,17540609,50.63857198
2019-04-25 00:00:00+00:00,205.28,207.76,205.12,206.83,18543206,50.17902132
2019-04-26 00:00:00+00:00,204.3,205,202.12,204.9,18649102,49.93946831
2019-04-29 00:00:00+00:00,204.61,205.97,203.86,204.4,22204716,50.01524528
2019-04-30 00:00:00+00:00,200.67,203.4,199.11,203.06,46534923,49.05214443
2019-05-01 00:00:00+00:00,210.52,215.31,209.23,209.88,64827328,51.45989657
2019-05-02 00:00:00+00:00,209.15,212.65,208.13,209.84,31996324,51.12501125
2019-05-03 00:00:00+00:00,211.75,211.84,210.23,210.89,20892378,51.76056004
2019-05-06 00:00:00+00:00,208.48,208.84,203.5,204.29,32443113,50.96123521
2019-05-07 00:00:00+00:00,202.86,207.42,200.83,205.88,38763698,49.58747206
2019-05-08 00:00:00+00:00,202.9,205.34,201.75,201.9,26339504,49.59724973
2019-05-09 00:00:00+00:00,200.72,201.68,196.66,200.4,34908607,49.06436652
2019-05-10 00:00:00+00:00,197.18,198.85,192.77,197.42,41208712,48.38726262
2019-05-13 00:00:00+00:00,185.72,189.48,182.85,187.71,57430623,45.57501985
2019-05-14 00:00:00+00:00,188.66,189.7,185.41,186.41,36529677,46.29648527
2019-05-15 00:00:00+00:00,190.92,191.75,186.02,186.27,26544718,46.85108114
2019-05-16 00:00:00+00:00,190.08,192.47,188.84,189.91,33031364,46.64494816
2019-05-17 00:00:00+00:00,189,190.9,186.76,186.93,32879090,46.37992005
2019-05-20 00:00:00+00:00,183.09,184.35,180.28,183.52,38612290,44.92962731
2019-05-21 00:00:00+00:00,186.6,188,184.7,185.22,28364848,45.79096868
2019-05-22 00:00:00+00:00,182.78,185.71,182.55,184.66,29748556,44.85355442
2019-05-23 00:00:00+00:00,179.66,180.54,177.81,179.8,36529736,44.08791765
2019-05-24 00:00:00+00:00,178.97,182.14,178.62,180.2,23714686,43.91859413
2019-05-28 00:00:00+00:00,178.23,180.59,177.91,178.92,27948160,43.73700079
2019-05-29 00:00:00+00:00,177.38,179.35,176,176.42,28481165,43.52841385
2019-05-30 00:00:00+00:00,178.3,179.23,176.67,177.95,21218412,43.75417854
2019-05-31 00:00:00+00:00,175.07,177.99,174.99,176.23,27043584,42.96154816
2019-06-03 00:00:00+00:00,173.3,177.92,170.27,175.6,40396069,42.52719653
2019-06-04 00:00:00+00:00,179.64,179.83,174.52,175.44,30967961,44.08300972
2019-06-05 00:00:00+00:00,182.54,184.99,181.14,184.28,29773427,44.79465929
2019-06-06 00:00:00+00:00,185.22,185.47,182.15,183.08,22526311,45.45232164
2019-06-07 00:00:00+00:00,190.15,191.92,185.77,186.51,30684393,46.66212591
2019-06-10 00:00:00+00:00,192.58,195.37,191.62,191.81,26220851,47.25843917
2019-06-11 00:00:00+00:00,194.81,196,193.6,194.86,26932882,47.80567314
2019-06-12 00:00:00+00:00,194.19,195.97,193.39,193.95,18253189,47.65352737
2019-06-13 00:00:00+00:00,194.15,196.79,193.6,194.7,21674625,47.64371152
2019-06-14 00:00:00+00:00,192.74,193.59,190.3,191.55,18761474,47.29770259
2019-06-17 00:00:00+00:00,193.89,194.96,192.17,192.9,14669144,47.57990845
2019-06-18 00:00:00+00:00,198.45,200.29,195.21,196.05,26551004,48.69891605
2019-06-19 00:00:00+00:00,197.87,199.88,197.31,199.68,21124235,48.55658613
2019-06-20 00:00:00+00:00,199.46,200.61,198.03,200.37,21513988,48.94676641
2019-06-21 00:00:00+00:00,198.78,200.85,198.15,198.8,47800589,48.77989686
2019-06-24 00:00:00+00:00,198.58,200.16,198.17,198.54,18220421,48.73081758
2019-06-25 00:00:00+00:00,195.57,199.26,195.29,198.43,21070334,47.99217441
2019-06-26 00:00:00+00:00,199.8,200.99,197.35,197.77,26067512,49.03020119
2019-06-27 00:00:00+00:00,199.74,201.57,199.57,200.29,20899717,49.01547741
2019-06-28 00:00:00+00:00,197.92,199.5,197.05,198.68,31110642,48.56885595
2019-07-01 00:00:00+00:00,201.55,204.49,200.65,203.17,27316739,49.4596449
2019-07-02 00:00:00+00:00,202.73,203.13,201.36,201.41,16935217,49.74921265
2019-07-03 00:00:00+00:00,204.41,204.44,202.69,203.28,11362045,50.16147861
2019-07-05 00:00:00+00:00,204.23,205.08,202.9,203.35,17265518,50.11730725
2019-07-08 00:00:00+00:00,200.02,201.4,198.41,200.81,25338628,49.0841884
2019-07-09 00:00:00+00:00,201.24,201.51,198.81,199.2,20578015,49.38357201
2019-07-10 00:00:00+00:00,203.23,203.73,201.56,201.85,17897138,49.87191085
2019-07-11 00:00:00+00:00,201.75,204.39,201.71,203.31,20191842,49.50872418
2019-07-12 00:00:00+00:00,203.3,204,202.2,202.45,17595212,49.8890886
2019-07-15 00:00:00+00:00,205.21,205.87,204,204.09,16947420,50.35779573
2019-07-16 00:00:00+00:00,204.5,206.11,203.5,204.59,16866816,50.18356428
2019-07-17 00:00:00+00:00,203.35,205.09,203.27,204.05,14107450,49.90135842
2019-07-18 00:00:00+00:00,205.66,205.88,203.7,204,18582161,50.46822411
2019-07-19 00:00:00+00:00,202.59,206.5,202.36,205.79,20929307,49.71485715
2019-07-22 00:00:00+00:00,207.22,207.23,203.61,203.65,22277932,50.8510425
2019-07-23 00:00:00+00:00,208.84,208.91,207.29,208.46,18355210,51.24858467
2019-07-24 00:00:00+00:00,208.67,209.15,207.17,207.67,14991567,51.20686728
2019-07-25 00:00:00+00:00,207.02,209.24,206.73,208.89,13909535,50.80196322
2019-07-26 00:00:00+00:00,207.74,209.73,207.14,207.48,17618874,50.97864863
2019-07-29 00:00:00+00:00,209.68,210.64,208.44,208.46,21673389,51.45471765
2019-07-30 00:00:00+00:00,208.78,210.16,207.31,208.76,33935718,51.23386088
2019-07-31 00:00:00+00:00,213.04,221.37,211.3,216.42,69281361,52.27924956
2019-08-01 00:00:00+00:00,208.43,218.03,206.74,213.9,54017922,51.14797214
2019-08-02 00:00:00+00:00,204.02,206.43,201.63,205.53,40862122,50.06577401
2019-08-05 00:00:00+00:00,193.34,198.65,192.58,197.99,52392969,47.44494043
2019-08-06 00:00:00+00:00,197,198.07,194.04,196.31,35824787,48.34309126
2019-08-07 00:00:00+00:00,199.04,199.56,193.82,195.41,33364400,48.84369993
2019-08-08 00:00:00+00:00,203.43,203.53,199.39,200.2,27009523,49.92099013
2019-08-09 00:00:00+00:00,200.99,202.76,199.29,201.3,24619746,49.51117814
2019-08-12 00:00:00+00:00,200.48,202.05,199.15,199.62,22481889,49.38554651
2019-08-13 00:00:00+00:00,208.97,212.14,200.48,201.02,47539786,51.47694361
2019-08-14 00:00:00+00:00,202.75,206.44,202.59,203.16,36547443,49.94473042
2019-08-15 00:00:00+00:00,201.74,205.14,199.67,203.46,27883363,49.69593053
2019-08-16 00:00:00+00:00,206.5,207.16,203.84,204.28,28813624,50.86849239
2019-08-19 00:00:00+00:00,210.35,212.73,210.03,210.62,24431915,51.81688801
2019-08-20 00:00:00+00:00,210.36,213.35,210.32,210.88,26919529,51.81935138
2019-08-21 00:00:00+00:00,212.64,213.65,211.6,212.99,21564747,52.38099865
2019-08-22 00:00:00+00:00,212.46,214.44,210.75,213.19,22267819,52.33665808
2019-08-23 00:00:00+00:00,202.64,212.05,201,209.43,46882843,49.91763341
2019-08-26 00:00:00+00:00,206.49,207.19,205.06,205.86,26066130,50.86602903
2019-08-27 00:00:00+00:00,204.16,208.55,203.53,207.86,25897344,50.29206492
2019-08-28 00:00:00+00:00,205.53,205.72,203.32,204.1,15957632,50.62954596
2019-08-29 00:00:00+00:00,209.01,209.32,206.66,208.5,21007652,51.48679707
2019-08-30 00:00:00+00:00,208.74,210.45,207.2,210.16,21162561,51.42028621
2019-09-03 00:00:00+00:00,205.7,206.98,204.22,206.43,20059574,50.67142317
2019-09-04 00:00:00+00:00,209.19,209.48,207.32,208.39,19216820,51.53113764
2019-09-05 00:00:00+00:00,213.28,213.97,211.51,212,23946984,52.53865403
2019-09-06 00:00:00+00:00,213.26,214.42,212.51,214.05,19362294,52.5337273
2019-09-09 00:00:00+00:00,214.17,216.44,211.07,214.84,27309401,52.75789354
2019-09-10 00:00:00+00:00,216.7,216.78,211.71,213.86,31777931,53.38112495
2019-09-11 00:00:00+00:00,223.59,223.71,217.73,218.07,44289646,55.0783836
2019-09-12 00:00:00+00:00,223.09,226.42,222.86,224.8,32226669,54.95521534
2019-09-13 00:00:00+00:00,218.75,220.79,217.02,220,39763296,53.88611482
2019-09-16 00:00:00+00:00,219.9,220.13,217.56,217.73,21158141,54.16940183
2019-09-17 00:00:00+00:00,220.7,220.82,219.12,219.96,18386468,54.36647105
2019-09-18 00:00:00+00:00,222.77,222.85,219.44,221.06,25643093,54.87638765
2019-09-19 00:00:00+00:00,220.96,223.76,220.37,222.01,22187876,54.43051854
2019-09-20 00:00:00+00:00,217.73,222.56,217.47,221.38,57977094,53.63485157
2019-09-23 00:00:00+00:00,218.72,219.84,217.65,218.95,19419648,53.87872473
2019-09-24 00:00:00+00:00,217.68,222.49,217.19,221.03,31434367,53.62253474
2019-09-25 00:00:00+00:00,221.03,221.5,217.14,218.55,22481006,54.4477621
2019-09-26 00:00:00+00:00,219.89,220.94,218.83,220,19088312,54.16693846
2019-09-27 00:00:00+00:00,218.82,220.96,217.28,220.54,25361285,53.90335838
2019-09-30 00:00:00+00:00,223.97,224.58,220.79,220.9,26318583,55.17199148
2019-10-01 00:00:00+00:00,224.59,228.22,224.2,225.07,36187163,55.32472013
2019-10-02 00:00:00+00:00,218.96,223.58,217.93,223.06,35767257,53.93784549
2019-10-03 00:00:00+00:00,220.82,220.96,215.13,218.43,30352686,54.39603143
2019-10-04 00:00:00+00:00,227.01,227.49,223.89,225.64,34755553,55.92085452
2019-10-07 00:00:00+00:00,227.06,229.93,225.84,226.27,30889269,55.93317134
2019-10-08 00:00:00+00:00,224.4,228.06,224.33,225.82,29282700,55.27791619
2019-10-09 00:00:00+00:00,227.03,227.79,225.64,227.03,19029424,55.92578125
2019-10-10 00:00:00+00:00,230.09,230.44,227.3,227.93,28962984,56.67957101
2019-10-11 00:00:00+00:00,236.21,237.64,232.31,232.95,41990210,58.18715055
2019-10-14 00:00:00+00:00,235.87,238.13,234.67,234.9,24413484,58.10339613
2019-10-15 00:00:00+00:00,235.32,237.65,234.88,236.39,23040483,57.96791104
2019-10-16 00:00:00+00:00,234.37,235.24,233.2,233.37,19286694,57.73389134
2019-10-17 00:00:00+00:00,235.28,236.15,233.52,235.09,17272897,57.95805758
2019-10-18 00:00:00+00:00,236.41,237.58,234.29,234.59,24248023,58.23641785
2019-10-21 00:00:00+00:00,240.51,240.99,237.32,237.52,21811567,59.2463976
2019-10-22 00:00:00+00:00,239.96,242.2,239.62,241.16,22684001,59.11091252
2019-10-23 00:00:00+00:00,243.18,243.24,241.22,242.1,19932545,59.90411613
2019-10-24 00:00:00+00:00,243.58,244.8,241.81,244.51,17916255,60.00265074
2019-10-25 00:00:00+00:00,246.58,246.73,242.88,243.16,18369296,60.74166031
2019-10-28 00:00:00+00:00,249.05,249.25,246.72,247.42,23655368,61.35011153
2019-10-29 00:00:00+00:00,243.29,249.75,242.57,248.97,35709867,59.93121314
2019-10-30 00:00:00+00:00,243.26,245.3,241.21,244.76,31130522,59.92382305
2019-10-31 00:00:00+00:00,248.76,249.17,237.26,247.24,34790520,61.27867393
2019-11-01 00:00:00+00:00,255.82,255.93,249.16,249.54,37781334,63.0178098
2019-11-04 00:00:00+00:00,257.5,257.85,255.38,257.33,25817952,63.43165516
2019-11-05 00:00:00+00:00,257.13,258.19,256.32,257.05,19974427,63.34051065
2019-11-06 00:00:00+00:00,257.24,257.49,255.37,256.77,18966124,63.36760767
2019-11-07 00:00:00+00:00,259.43,260.35,258.11,258.74,23735083,64.09676378
2019-11-08 00:00:00+00:00,260.14,260.44,256.85,258.69,17520495,64.27218182
2019-11-11 00:00:00+00:00,262.2,262.47,258.28,258.3,20507459,64.78114121
2019-11-12 00:00:00+00:00,261.96,262.79,260.92,261.55,21847226,64.72184497
2019-11-13 00:00:00+00:00,264.47,264.78,261.07,261.13,25817593,65.3419848
2019-11-14 00:00:00+00:00,262.64,264.88,262.1,263.75,22395556,64.88985098
2019-11-15 00:00:00+00:00,265.76,265.78,263.01,263.68,25093666,65.66070209
2019-11-18 00:00:00+00:00,267.1,267.43,264.23,265.8,21700897,65.99177275
2019-11-19 00:00:00+00:00,266.29,268,265.39,267.9,19069597,65.79164795
2019-11-20 00:00:00+00:00,263.19,266.08,260.4,265.54,26609919,65.02573819
2019-11-21 00:00:00+00:00,262.01,264.01,261.18,263.69,30348778,64.73419835
2019-11-22 00:00:00+00:00,261.78,263.18,260.84,262.59,16331263,64.67737279
2019-11-25 00:00:00+00:00,266.37,266.44,262.52,262.71,21029517,65.81141336
2019-11-26 00:00:00+00:00,264.29,267.16,262.5,266.94,26334882,65.29751262
2019-11-27 00:00:00+00:00,267.84,267.98,265.31,265.58,16386122,66.17460282
2019-11-29 00:00:00+00:00,267.25,268,265.9,266.6,11654363,66.0288329
2019-12-02 00:00:00+00:00,264.16,268.25,263.45,267.27,23693550,65.26539382
2019-12-03 00:00:00+00:00,259.45,259.53,256.29,258.31,29377268,64.10170513
2019-12-04 00:00:00+00:00,261.74,263.31,260.68,261.07,16810388,64.66749008
2019-12-05 00:00:00+00:00,265.58,265.89,262.73,263.79,18661343,65.61622991
2019-12-06 00:00:00+00:00,270.71,271,267.3,267.48,26547493,66.88368702
2019-12-09 00:00:00+00:00,266.92,270.8,264.91,270,32182645,65.94730057
2019-12-10 00:00:00+00:00,268.48,270.07,265.86,268.6,22632383,66.33272613
2019-12-11 00:00:00+00:00,270.77,271.1,268.5,268.81,19723391,66.89851108
2019-12-12 00:00:00+00:00,271.46,272.56,267.32,267.78,34437042,67.06898776
2019-12-13 00:00:00+00:00,275.15,275.3,270.93,271.46,33432806,67.98066744
2019-12-16 00:00:00+00:00,279.86,280.79,276.98,277,32081105,69.14435613
2019-12-17 00:00:00+00:00,280.41,281.77,278.8,279.57,28575798,69.28024335
2019-12-18 00:00:00+00:00,279.74,281.9,279.12,279.8,29024687,69.11470801
2019-12-19 00:00:00+00:00,280.02,281.18,278.95,279.5,24626947,69.18388696
2019-12-20 00:00:00+00:00,279.44,282.65,278.56,282.23,69032743,69.04058771
2019-12-23 00:00:00+00:00,284,284.25,280.37,280.53,24677883,70.16721626
2019-12-24 00:00:00+00:00,284.27,284.89,282.92,284.69,12119714,70.23392452
2019-12-26 00:00:00+00:00,289.91,289.98,284.7,284.82,23334004,71.62738614
2019-12-27 00:00:00+00:00,289.8,293.97,288.12,291.12,36592936,71.6002087
2019-12-30 00:00:00+00:00,291.52,292.69,285.22,289.46,36059614,72.02516508
2019-12-31 00:00:00+00:00,293.65,293.68,289.52,289.93,25247625,72.5514192
2020-01-02 00:00:00+00:00,300.35,300.6,295.19,296.24,33911864,74.20677254
2020-01-03 00:00:00+00:00,297.43,300.58,296.5,297.15,36633878,73.48533497
2020-01-06 00:00:00+00:00,299.8,299.96,292.75,293.79,29644644,74.07088533
2020-01-07 00:00:00+00:00,298.39,300.9,297.48,299.84,27877655,73.72251992
2020-01-08 00:00:00+00:00,303.19,304.44,297.16,297.16,33090946,74.90844471
2020-01-09 00:00:00+00:00,309.63,310.43,306.2,307.24,42621542,76.49956046
2020-01-10 00:00:00+00:00,310.33,312.67,308.25,310.6,35217272,76.67250782
2020-01-13 00:00:00+00:00,316.96,317.07,311.15,311.64,30028742,78.31056642
2020-01-14 00:00:00+00:00,312.68,317.57,312.17,316.7,40653457,77.25311683
2020-01-15 00:00:00+00:00,311.34,315.5,309.55,311.85,30480882,76.92204616
2020-01-16 00:00:00+00:00,315.24,315.7,312.09,313.59,27207254,77.88561004
2020-01-17 00:00:00+00:00,318.73,318.74,315,316.27,34454117,78.74787619
2020-01-21 00:00:00+00:00,316.57,319.02,316,317.19,27235039,78.21421004
2020-01-22 00:00:00+00:00,317.7,319.99,317.31,318.58,25458115,78.49339649
2020-01-23 00:00:00+00:00,319.23,319.56,315.65,317.92,26117993,78.87141002
2020-01-24 00:00:00+00:00,318.31,323.33,317.52,320.25,36634380,78.64410777
2020-01-27 00:00:00+00:00,308.95,311.77,304.88,310.06,40485005,76.33155444
2020-01-28 00:00:00+00:00,317.69,318.4,312.19,312.6,40558486,78.49092582
2020-01-29 00:00:00+00:00,324.34,327.85,321.38,324.45,54149928,80.13392578
2020-01-30 00:00:00+00:00,323.87,324.09,318.75,320.54,31685808,80.01780397
2020-01-31 00:00:00+00:00,309.51,322.68,308.29,320.93,49897096,76.46991234
2020-02-03 00:00:00+00:00,308.66,313.49,302.22,304.3,43496401,76.25990482
2020-02-04 00:00:00+00:00,318.85,319.64,313.63,315.31,34154134,78.77752431
2020-02-05 00:00:00+00:00,321.45,324.76,318.95,323.52,29706718,79.41990023
2020-02-06 00:00:00+00:00,325.21,325.22,320.26,322.57,26356385,80.34887464
2020-02-07 00:00:00+00:00,320.03,323.4,318,322.37,29421012,79.25930625
2020-02-10 00:00:00+00:00,321.55,321.55,313.85,314.18,27337215,79.63575266
2020-02-11 00:00:00+00:00,319.61,323.9,318.71,323.6,23580780,79.15528816
2020-02-12 00:00:00+00:00,327.2,327.22,321.47,321.47,28432573,81.0350436
2020-02-13 00:00:00+00:00,324.87,326.22,323.35,324.19,23686892,80.45799088
2020-02-14 00:00:00+00:00,324.95,325.98,322.85,324.74,20028447,80.47780385
2020-02-18 00:00:00+00:00,319,319.75,314.61,315.36,38190545,79.00421427
2020-02-19 00:00:00+00:00,323.62,324.57,320,320,23495991,80.14841324
2020-02-20 00:00:00+00:00,320.3,324.65,318.21,322.63,25141489,79.32617502
2020-02-21 00:00:00+00:00,313.05,320.45,310.5,318.62,32426415,77.5306247
2020-02-24 00:00:00+00:00,298.18,304.18,289.23,297.26,55548828,73.84788907
2020-02-25 00:00:00+00:00,288.08,302.53,286.13,300.95,57668364,71.34650172
2020-02-26 00:00:00+00:00,292.65,297.88,286.5,286.53,49678431,72.47831758
2020-02-27 00:00:00+00:00,273.52,286,272.96,281.1,80151381,67.74054134
2020-02-28 00:00:00+00:00,273.36,278.41,256.37,257.26,106721230,67.7009154
2020-03-02 00:00:00+00:00,298.81,301.44,277.72,282.28,85349339,74.0039162
2020-03-03 00:00:00+00:00,289.32,304,285.8,303.67,79868852,71.65360274
2020-03-04 00:00:00+00:00,302.74,303.4,293.13,296.44,54794568,74.9772283
2020-03-05 00:00:00+00:00,292.92,299.55,291.41,295.52,46893219,72.54518635
2020-03-06 00:00:00+00:00,289.03,290.82,281.23,282,56544246,71.58178072
2020-03-09 00:00:00+00:00,266.17,278.09,263,263.75,71686208,65.92022481
2020-03-10 00:00:00+00:00,285.34,286.44,269.37,277.14,71322520,70.66790753
2020-03-11 00:00:00+00:00,275.43,281.22,271.86,277.39,64094970,68.21357598
2020-03-12 00:00:00+00:00,248.23,270,248,255.94,104618517,61.47716649
2020-03-13 00:00:00+00:00,277.97,279.92,252.95,264.89,92683032,68.84263775
2020-03-16 00:00:00+00:00,242.21,259.08,240,241.95,80605865,59.98624056
2020-03-17 00:00:00+00:00,252.86,257.61,238.4,247.51,81013965,62.62384207
2020-03-18 00:00:00+00:00,246.67,250,237.12,239.77,75058406,61.09081359
2020-03-19 00:00:00+00:00,244.78,252.84,242.61,247.39,67964255,60.62273219
2020-03-20 00:00:00+00:00,229.24,251.83,228,247.18,100423346,56.77406295
2020-03-23 00:00:00+00:00,224.37,228.5,212.61,228.08,84188208,55.56794845
2020-03-24 00:00:00+00:00,246.88,247.69,234.3,236.36,71882773,61.14282263
2020-03-25 00:00:00+00:00,245.52,258.25,244.3,250.75,75900510,60.80600216
2020-03-26 00:00:00+00:00,258.44,258.68,246.36,246.52,63140169,64.00579667
2020-03-27 00:00:00+00:00,247.74,255.87,247.05,252.75,51054153,61.35581205
2020-03-30 00:00:00+00:00,254.81,255.52,249.4,250.74,41994110,63.10678319
2020-03-31 00:00:00+00:00,254.29,262.49,252,255.6,49250501,62.97799889
2020-04-01 00:00:00+00:00,240.91,248.72,239.13,246.5,44054638,59.66427981
2020-04-02 00:00:00+00:00,244.93,245.15,236.9,240.34,41483493,60.65988151
2020-04-03 00:00:00+00:00,241.41,245.7,238.97,242.8,32470017,59.78811087
2020-04-06 00:00:00+00:00,262.47,263.11,249.38,250.9,50455071,65.00387498
2020-04-07 00:00:00+00:00,259.43,271.7,259,270.8,50721831,64.25098216
2020-04-08 00:00:00+00:00,266.07,267.37,261.23,262.74,42223821,65.89545859
2020-04-09 00:00:00+00:00,267.99,270.07,264.7,268.7,40529123,66.37096985
2020-04-13 00:00:00+00:00,273.25,273.7,265.83,268.31,32755731,67.67367257
2020-04-14 00:00:00+00:00,287.05,288.25,278.05,280,48748672,71.09140974
2020-04-15 00:00:00+00:00,284.43,286.33,280.63,282.4,32788641,70.442535
2020-04-16 00:00:00+00:00,286.69,288.2,282.35,287.38,39281290,71.00225138
2020-04-17 00:00:00+00:00,282.8,286.95,276.86,284.69,53812478,70.03884576
2020-04-20 00:00:00+00:00,276.93,281.68,276.85,277.95,32503750,68.58506915
2020-04-21 00:00:00+00:00,268.37,277.25,265.43,276.28,45247893,66.46508146
2020-04-22 00:00:00+00:00,276.1,277.9,272.2,273.61,29264342,68.37950959
2020-04-23 00:00:00+00:00,275.03,281.75,274.87,275.87,31203582,68.11451113
2020-04-24 00:00:00+00:00,282.97,283.01,277,277.2,31627183,70.08094832
2020-04-27 00:00:00+00:00,283.17,284.54,279.95,281.8,29271893,70.13048074
2020-04-28 00:00:00+00:00,278.58,285.83,278.2,285.08,28001187,68.99371164
2020-04-29 00:00:00+00:00,287.73,289.67,283.89,284.73,34320204,71.25981998
2020-04-30 00:00:00+00:00,293.8,294.53,288.35,289.96,45765968,72.76312901
2020-05-01 00:00:00+00:00,289.07,299,285.85,286.25,60154175,71.59168721
2020-05-04 00:00:00+00:00,293.16,293.69,286.32,289.17,33391986,72.60462525
2020-05-05 00:00:00+00:00,297.56,301,294.46,295.06,36937795,73.69433855
2020-05-06 00:00:00+00:00,300.63,303.24,298.87,300.46,35583438,74.45466124
2020-05-07 00:00:00+00:00,303.74,305.17,301.97,303.22,28803764,75.22489042
2020-05-08 00:00:00+00:00,310.13,310.35,304.29,305.64,33511985,77.01053426
2020-05-11 00:00:00+00:00,315.01,317.05,307.24,308.1,36486561,78.22232095
2020-05-12 00:00:00+00:00,311.41,319.69,310.91,317.83,40575263,77.32837995
2020-05-13 00:00:00+00:00,307.65,315.95,303.21,312.15,50155639,76.39470823
2020-05-14 00:00:00+00:00,309.54,309.79,301.53,304.51,39732269,76.86402726
2020-05-15 00:00:00+00:00,307.71,307.9,300.21,300.35,41587094,76.40960725
2020-05-18 00:00:00+00:00,314.96,316.5,310.32,313.17,33843125,78.2099051
2020-05-19 00:00:00+00:00,313.14,318.52,313.01,315.03,25432385,77.75796826
2020-05-20 00:00:00+00:00,319.23,319.52,316.52,316.68,27876215,79.27021846
2020-05-21 00:00:00+00:00,316.85,320.89,315.87,318.66,25672211,78.67922413
2020-05-22 00:00:00+00:00,318.89,319.23,315.35,315.77,20450754,79.1857907
2020-05-26 00:00:00+00:00,316.73,324.24,316.5,323.5,31380454,78.6494261
2020-05-27 00:00:00+00:00,318.11,318.71,313.09,316.14,28236274,78.99210348
2020-05-28 00:00:00+00:00,318.25,323.44,315.63,316.77,33449103,79.02686785
2020-05-29 00:00:00+00:00,317.94,321.15,316.47,319.25,38399532,78.9498896
2020-06-01 00:00:00+00:00,321.85,322.35,317.21,317.75,20254653,79.92080886
2020-06-02 00:00:00+00:00,323.34,323.44,318.93,320.75,21910704,80.2908011
2020-06-03 00:00:00+00:00,325.12,326.2,322.3,324.66,26122804,80.73280527
2020-06-04 00:00:00+00:00,322.32,325.62,320.78,324.39,21890091,80.03751782
2020-06-05 00:00:00+00:00,331.5,331.75,323.23,323.35,34312550,82.31706738
2020-06-08 00:00:00+00:00,333.46,333.6,327.32,330.25,23913634,82.80376859
2020-06-09 00:00:00+00:00,343.99,345.61,332.01,332.14,36928091,85.41854603
2020-06-10 00:00:00+00:00,352.84,354.77,346.09,347.9,41662938,87.61615099
2020-06-11 00:00:00+00:00,335.9,351.06,335.48,349.31,50415613,83.40966194
2020-06-12 00:00:00+00:00,338.8,347.8,334.22,344.72,50036513,84.12978108
2020-06-15 00:00:00+00:00,342.99,345.68,332.58,333.25,34702230,85.17022908
2020-06-16 00:00:00+00:00,352.08,353.2,344.72,351.46,41357182,87.42743011
2020-06-17 00:00:00+00:00,351.59,355.4,351.09,355.15,28601626,87.30575481
2020-06-18 00:00:00+00:00,351.73,353.45,349.22,351.41,24205096,87.34051918
2020-06-19 00:00:00+00:00,349.72,356.56,345.15,354.64,66118952,86.84140212
2020-06-22 00:00:00+00:00,358.87,359.46,351.15,351.34,33861316,89.11350217
2020-06-23 00:00:00+00:00,366.53,372.38,362.27,364,53038869,91.01560997
2020-06-24 00:00:00+00:00,360.06,368.79,358.52,365,48155849,89.40899934
2020-06-25 00:00:00+00:00,364.84,365,357.57,360.7,34380628,90.59595434
2020-06-26 00:00:00+00:00,353.63,365.32,353.02,364.41,51314211,87.81232138
2020-06-29 00:00:00+00:00,361.78,362.1736,351.28,353.25,32661519,89.83610448
2020-06-30 00:00:00+00:00,364.8,365.98,360,360.08,35055821,90.58602166
2020-07-01 00:00:00+00:00,364.11,367.36,363.91,365.12,27690454,90.41468297
2020-07-02 00:00:00+00:00,364.11,370.47,363.64,367.85,28814516,90.41468297
2020-07-06 00:00:00+00:00,373.85,375.78,369.87,370,29745936,92.83329001
2020-07-07 00:00:00+00:00,372.69,378.62,372.23,375.41,28206999,92.54524236
2020-07-08 00:00:00+00:00,381.37,381.5,376.36,376.72,29274479,94.70063344
2020-07-09 00:00:00+00:00,383.01,385.27,378.69,385.05,31420357,95.10787323
2020-07-10 00:00:00+00:00,383.68,383.92,378.82,381.34,22564330,95.27424559
2020-07-13 00:00:00+00:00,381.91,399.82,381.03,389.06,47913079,94.83472459
2020-07-14 00:00:00+00:00,388.23,389.02,375.51,379.36,42748119,96.40408769
2020-07-15 00:00:00+00:00,390.9,396.99,385.96,395.96,38306874,97.06709393
2020-07-16 00:00:00+00:00,386.09,389.62,383.62,386.25,27645927,95.87268942
2020-07-17 00:00:00+00:00,385.31,388.59,383.36,387.95,23046755,95.67900221
2020-07-20 00:00:00+00:00,393.43,394,384.25,385.67,22397208,97.6953358
2020-07-21 00:00:00+00:00,388,397,386.97,396.69,25627347,96.34697479
2020-07-22 00:00:00+00:00,389.09,391.9,386.41,386.77,22250413,96.61764026
2020-07-23 00:00:00+00:00,371.38,388.31,368.039,387.9935,49251108,92.21994716
2020-07-24 00:00:00+00:00,370.46,371.88,356.58,363.95,46359716,91.99149557
2020-07-27 00:00:00+00:00,379.24,379.62,373.92,374.84,30303548,94.17171835
2020-07-28 00:00:00+00:00,373.01,378.1986,372.99,377.47,25906375,92.62470378
2020-07-29 00:00:00+00:00,380.16,380.92,374.85,375,22582314,94.40016994
2020-07-30 00:00:00+00:00,384.76,385.19,375.07,376.75,39532505,95.54242789
2020-07-31 00:00:00+00:00,425.04,425.66,403.3,411.535,93573867,105.5446344
2020-08-03 00:00:00+00:00,435.75,446.5457,431.57,432.8,77037847,108.2041089
2020-08-04 00:00:00+00:00,438.66,443.16,433.55,436.53,43198092,108.9267112
2020-08-05 00:00:00+00:00,440.25,441.57,435.59,437.51,30497988,109.3215352
2020-08-06 00:00:00+00:00,455.61,457.65,439.19,441.62,50607225,113.1356835
2020-08-07 00:00:00+00:00,444.45,454.7,441.17,452.82,49511403,110.5680862
2020-08-10 00:00:00+00:00,450.91,455.1,440,450.4,53100856,112.1751733
2020-08-11 00:00:00+00:00,437.5,449.93,436.4267,447.875,46975594,108.8390994
2020-08-12 00:00:00+00:00,452.04,453.1,441.19,441.99,41486205,112.4562891
2020-08-13 00:00:00+00:00,460.04,464.17,455.71,457.72,52520516,114.4464898
2020-08-14 00:00:00+00:00,459.63,460,452.18,459.315,41391302,114.344492
2020-08-17 00:00:00+00:00,458.43,464.35,455.8501,464.25,29431414,114.0459619
2020-08-18 00:00:00+00:00,462.25,464,456.03,457.41,26408385,114.9962828
2020-08-19 00:00:00+00:00,462.83,468.65,462.44,463.933,36384502,115.1405723
2020-08-20 00:00:00+00:00,473.1,473.568,462.9335,463,31726797,117.6954924
2020-08-21 00:00:00+00:00,497.48,499.472,477,477.05,84513660,123.760629
2020-08-24 00:00:00+00:00,503.43,515.14,495.745,514.79,86484442,125.2408407
2020-08-25 00:00:00+00:00,499.3,500.7172,492.21,498.79,52873947,124.2133996
2020-08-26 00:00:00+00:00,506.09,507.97,500.33,504.7165,40755567,125.9025825
2020-08-27 00:00:00+00:00,500.04,509.94,495.33,508.57,38888096,124.3974932
2020-08-28 00:00:00+00:00,499.23,505.77,498.31,504.05,46907479,124.1959854
2020-08-31 00:00:00+00:00,129.04,131,126,127.58,223505733,128.4077476
2020-09-01 00:00:00+00:00,134.18,134.8,130.53,132.76,152470142,133.5225633
2020-09-02 00:00:00+00:00,131.4,137.98,127,137.59,200118991,130.7561843
2020-09-03 00:00:00+00:00,120.88,128.84,120.5,126.91,257599640,120.2877288
2020-09-04 00:00:00+00:00,120.96,123.7,110.89,120.07,332607163,120.3673368
2020-09-08 00:00:00+00:00,112.82,118.99,112.68,113.95,231366563,112.2672201
2020-09-09 00:00:00+00:00,117.32,119.14,115.26,117.26,176940455,116.7451716
2020-09-10 00:00:00+00:00,113.49,120.5,112.5,120.36,182274391,112.9339373
2020-09-11 00:00:00+00:00,112,115.23,110,114.57,180860325,111.4512378
2020-09-14 00:00:00+00:00,115.355,115.93,112.8,114.72,140150087,114.7897994
2020-09-15 00:00:00+00:00,115.54,118.829,113.61,118.33,184642039,114.973893
2020-09-16 00:00:00+00:00,112.13,116,112.04,115.23,155026675,111.5806008
2020-09-17 00:00:00+00:00,110.34,112.2,108.71,109.72,178010968,109.7993712
2020-09-18 00:00:00+00:00,106.84,110.88,106.09,110.4,287104882,106.3165201
2020-09-21 00:00:00+00:00,110.08,110.19,103.1,104.54,195713815,109.5406452
2020-09-22 00:00:00+00:00,111.81,112.86,109.16,112.68,183055373,111.2621687
2020-09-23 00:00:00+00:00,107.12,112.11,106.77,111.62,150718671,106.5951482
2020-09-24 00:00:00+00:00,108.22,110.25,105,105.17,167743349,107.6897585
2020-09-25 00:00:00+00:00,112.28,112.44,107.67,108.43,149981441,111.7298659
2020-09-28 00:00:00+00:00,114.96,115.32,112.78,115.01,137672403,114.3967348
2020-09-29 00:00:00+00:00,114.09,115.31,113.57,114.55,100060526,113.5309975
2020-09-30 00:00:00+00:00,115.81,117.26,113.62,113.79,142675184,115.2425701
2020-10-01 00:00:00+00:00,116.79,117.72,115.83,117.64,116120440,116.2177684
2020-10-02 00:00:00+00:00,113.02,115.37,112.22,112.89,144711986,112.4662401
2020-10-05 00:00:00+00:00,116.5,116.65,113.55,113.91,106243839,115.9291893
2020-10-06 00:00:00+00:00,113.16,116.12,112.25,115.7,161498212,112.6055542
2020-10-07 00:00:00+00:00,115.08,115.55,114.13,114.62,96848985,114.5161468
2020-10-08 00:00:00+00:00,114.97,116.4,114.5901,116.25,83477153,114.4066858
2020-10-09 00:00:00+00:00,116.97,117,114.92,115.28,100506865,116.3968865
2020-10-12 00:00:00+00:00,124.4,125.18,119.2845,120.06,240226769,123.790482
2020-10-13 00:00:00+00:00,121.1,125.39,119.65,125.27,262330451,120.5066509
2020-10-14 00:00:00+00:00,121.19,123.03,119.62,121,151062308,120.5962099
2020-10-15 00:00:00+00:00,120.71,121.2,118.15,118.72,112559219,120.1185617
2020-10-16 00:00:00+00:00,119.02,121.548,118.81,121.28,115393808,118.4368422
2020-10-19 00:00:00+00:00,115.98,120.419,115.66,119.96,120639337,115.4117371
2020-10-20 00:00:00+00:00,117.51,118.98,115.63,116.2,124423728,116.9342407
2020-10-21 00:00:00+00:00,116.87,118.705,116.45,116.67,89945980,116.2973764
2020-10-22 00:00:00+00:00,115.75,118.04,114.59,117.45,101987954,115.1828641
2020-10-23 00:00:00+00:00,115.04,116.55,114.28,116.39,82572645,114.4763428
2020-10-26 00:00:00+00:00,115.05,116.55,112.88,114.01,111850657,114.4862938
2020-10-27 00:00:00+00:00,116.6,117.28,114.5399,115.49,92276772,116.0286994
2020-10-28 00:00:00+00:00,111.2,115.43,111.1,115.05,143937823,110.6551575
2020-10-29 00:00:00+00:00,115.32,116.93,112.2,112.37,146129173,114.7549709
2020-10-30 00:00:00+00:00,108.86,111.99,107.72,111.06,190573476,108.3266227
2020-11-02 00:00:00+00:00,108.77,110.68,107.32,109.11,122866899,108.2370637
2020-11-03 00:00:00+00:00,110.44,111.49,108.73,109.66,107624448,109.8988813
2020-11-04 00:00:00+00:00,114.95,115.59,112.35,114.14,138235482,114.3867838
2020-11-05 00:00:00+00:00,119.03,119.62,116.8686,117.95,126387074,118.4467932
2020-11-06 00:00:00+00:00,118.69,119.2,116.13,118.32,114457922,118.3124546
2020-11-09 00:00:00+00:00,116.32,121.99,116.05,120.5,154515315,115.9499934
2020-11-10 00:00:00+00:00,115.97,117.59,114.13,115.55,138023390,115.6011068
2020-11-11 00:00:00+00:00,119.49,119.63,116.44,117.19,112294954,119.1099099
2020-11-12 00:00:00+00:00,119.21,120.53,118.57,119.62,103350674,118.8308005
2020-11-13 00:00:00+00:00,119.26,119.6717,117.87,119.44,81688586,118.8806415
2020-11-16 00:00:00+00:00,120.3,120.99,118.146,118.92,91183018,119.9173333
2020-11-17 00:00:00+00:00,119.39,120.6741,118.96,119.55,74270973,119.010228
2020-11-18 00:00:00+00:00,118.03,119.82,118,118.61,76322111,117.654554
2020-11-19 00:00:00+00:00,118.64,119.06,116.81,117.59,74112972,118.2626137
2020-11-20 00:00:00+00:00,117.34,118.77,117.29,118.64,73604287,116.9667489
2020-11-23 00:00:00+00:00,113.85,117.6202,113.75,117.18,127959318,113.4878504
2020-11-24 00:00:00+00:00,115.17,115.85,112.59,113.91,113226248,114.8036515
2020-11-25 00:00:00+00:00,116.03,116.75,115.17,115.55,76499234,115.6609159
2020-11-27 00:00:00+00:00,116.59,117.49,116.22,116.57,46691331,116.2191346
2020-11-30 00:00:00+00:00,119.05,120.97,116.81,116.97,169410176,118.6713095
2020-12-01 00:00:00+00:00,122.72,123.4693,120.01,121.01,125920963,122.3296355
2020-12-02 00:00:00+00:00,123.08,123.37,120.89,122.02,89004195,122.6884903
2020-12-03 00:00:00+00:00,122.94,123.78,122.21,123.52,78967630,122.5489356
2020-12-04 00:00:00+00:00,122.25,122.8608,121.52,122.6,78260421,121.8611305
2020-12-07 00:00:00+00:00,123.75,124.57,122.25,122.31,86711990,123.3563591
2020-12-08 00:00:00+00:00,124.38,124.98,123.09,124.37,82225512,123.9843551
2020-12-09 00:00:00+00:00,121.78,125.95,121,124.53,115089193,121.3926255
2020-12-10 00:00:00+00:00,123.24,123.87,120.15,120.5,81312170,122.8479814
2020-12-11 00:00:00+00:00,122.41,122.76,120.55,122.43,86939786,122.0206215
2020-12-14 00:00:00+00:00,121.78,123.35,121.54,122.6,79075988,121.3926255
2020-12-15 00:00:00+00:00,127.88,127.9,124.13,124.34,157572262,127.4732218
2020-12-16 00:00:00+00:00,127.81,128.37,126.56,127.41,98208591,127.4034445
2020-12-17 00:00:00+00:00,128.7,129.58,128.045,128.9,94359811,128.2906135
2020-12-18 00:00:00+00:00,126.655,129.1,126.12,128.96,192541496,126.2521185
2020-12-21 00:00:00+00:00,128.23,128.31,123.449,125.02,121251553,127.8221085
2020-12-22 00:00:00+00:00,131.88,134.405,129.65,131.61,169351825,131.4604981
2020-12-23 00:00:00+00:00,130.96,132.43,130.78,132.16,88223692,130.5434245
2020-12-24 00:00:00+00:00,131.97,133.46,131.1,131.32,54930064,131.5502118
2020-12-28 00:00:00+00:00,136.69,137.34,133.51,133.99,123124632,136.2551978
2020-12-29 00:00:00+00:00,134.87,138.789,134.3409,138.05,121047324,134.4409871
2020-12-30 00:00:00+00:00,133.72,135.99,133.4,135.58,96452124,133.2946451
2020-12-31 00:00:00+00:00,132.69,134.74,131.72,134.08,99116586,132.2679215
2021-01-04 00:00:00+00:00,129.41,133.6116,126.76,133.52,143301887,128.998355
2021-01-05 00:00:00+00:00,131.01,131.74,128.43,128.89,97664898,130.5932655
2021-01-06 00:00:00+00:00,126.6,131.0499,126.382,127.72,155087970,126.1972934
2021-01-07 00:00:00+00:00,130.92,131.63,127.86,128.36,109578157,130.5035518
2021-01-08 00:00:00+00:00,132.05,132.63,130.23,132.43,105158245,131.6299573
2021-01-11 00:00:00+00:00,128.98,130.17,128.5,129.19,100620880,128.5697228
2021-01-12 00:00:00+00:00,128.8,129.69,126.86,128.5,90440255,128.3902954
2021-01-13 00:00:00+00:00,130.89,131.45,128.49,128.76,88636831,130.4736472
2021-01-14 00:00:00+00:00,128.91,131,128.76,130.8,90221755,128.4999455
2021-01-15 00:00:00+00:00,127.14,130.2242,127,128.78,111598531,126.7355757
2021-01-19 00:00:00+00:00,127.83,128.71,126.938,127.78,90757329,127.4233809
2021-01-20 00:00:00+00:00,132.03,132.49,128.55,128.66,104319489,131.6100209
2021-01-21 00:00:00+00:00,136.87,139.67,133.59,133.8,120529544,136.4346252
2021-01-22 00:00:00+00:00,139.07,139.85,135.02,136.28,114459360,138.6276271
2021-01-25 00:00:00+00:00,142.92,145.09,136.54,143.07,157611713,142.4653805
2021-01-26 00:00:00+00:00,143.16,144.3,141.37,143.6,98390555,142.7046171
2021-01-27 00:00:00+00:00,142.06,144.3,140.41,143.43,140843759,141.6081161
2021-01-28 00:00:00+00:00,137.09,141.99,136.7,139.52,142621128,136.6539254
2021-01-29 00:00:00+00:00,131.96,136.74,130.21,135.83,177523812,131.5402436
2021-02-01 00:00:00+00:00,134.14,135.38,130.93,133.75,106239823,133.7133092
2021-02-02 00:00:00+00:00,134.99,136.31,134.61,135.73,82266419,134.5606054
2021-02-03 00:00:00+00:00,133.94,135.77,133.61,135.76,89880937,133.5139453
2021-02-04 00:00:00+00:00,137.39,137.4,134.59,136.3,84183061,136.9529711
2021-02-05 00:00:00+00:00,136.76,137.42,135.86,137.35,75693830,136.529323
2021-02-08 00:00:00+00:00,136.91,136.96,134.92,136.03,71297214,136.67907
2021-02-09 00:00:00+00:00,136.01,137.877,135.85,136.62,75986989,135.7805881
2021-02-10 00:00:00+00:00,135.39,136.99,134.4,136.48,72647988,135.1616338
2021-02-11 00:00:00+00:00,135.13,136.39,133.77,135.9,64280029,134.9020724
2021-02-12 00:00:00+00:00,135.37,135.53,133.6921,134.35,60145130,135.1416676
2021-02-16 00:00:00+00:00,133.19,136.01,132.79,135.49,80576316,132.9653446
2021-02-17 00:00:00+00:00,130.84,132.22,129.47,131.25,97372199,130.6193084
2021-02-18 00:00:00+00:00,129.71,129.995,127.41,129.2,96856748,129.4912144
2021-02-19 00:00:00+00:00,129.87,130.71,128.8,130.24,87668834,129.6509446
2021-02-22 00:00:00+00:00,126,129.72,125.6,128.01,102886922,125.7874722
2021-02-23 00:00:00+00:00,125.86,126.71,118.39,123.76,158273022,125.6477083
2021-02-24 00:00:00+00:00,125.35,125.56,122.23,124.94,111039904,125.1385686
2021-02-25 00:00:00+00:00,120.99,126.4585,120.54,124.68,144766924,120.7859227
2021-02-26 00:00:00+00:00,121.26,124.85,121.2,122.59,163424672,121.0554673
2021-03-01 00:00:00+00:00,127.79,127.93,122.79,123.75,116307892,127.574453
2021-03-02 00:00:00+00:00,125.12,128.72,125.01,128.41,102260945,124.9089565
2021-03-03 00:00:00+00:00,122.06,125.71,121.84,124.81,112966340,121.8541179
2021-03-04 00:00:00+00:00,120.13,123.6,118.62,121.75,178154975,119.9273733
2021-03-05 00:00:00+00:00,121.42,121.935,117.57,120.98,153766601,121.2151974
2021-03-08 00:00:00+00:00,116.36,121,116.21,120.93,154376610,116.1637323
2021-03-09 00:00:00+00:00,121.085,122.06,118.79,119.03,129525780,120.8807625
2021-03-10 00:00:00+00:00,119.98,122.17,119.45,121.69,111943326,119.7776263
2021-03-11 00:00:00+00:00,121.96,123.21,121.26,122.54,103026514,121.7542866
2021-03-12 00:00:00+00:00,121.03,121.17,119.16,120.4,88105050,120.8258552
2021-03-15 00:00:00+00:00,123.99,124,120.42,121.41,92590555,123.7808625
2021-03-16 00:00:00+00:00,125.57,127.22,124.715,125.7,115227936,125.3581975
2021-03-17 00:00:00+00:00,124.76,125.8599,122.336,124.05,111932636,124.5495638
2021-03-18 00:00:00+00:00,120.53,123.18,120.32,122.88,121469755,120.3266986
2021-03-19 00:00:00+00:00,119.99,121.43,119.675,119.9,185549522,119.7876094
2021-03-22 00:00:00+00:00,123.39,123.87,120.26,120.33,111912284,123.1818746
2021-03-23 00:00:00+00:00,122.54,124.24,122.14,123.33,95467142,122.3333083
2021-03-24 00:00:00+00:00,120.09,122.9,120.065,122.82,88530485,119.8874408
2021-03-25 00:00:00+00:00,120.59,121.66,119,119.54,98844681,120.3865974
2021-03-26 00:00:00+00:00,121.21,121.48,118.92,120.35,94071234,121.0055516
2021-03-29 00:00:00+00:00,121.39,122.58,120.7299,121.65,80819203,121.185248
2021-03-30 00:00:00+00:00,119.9,120.4031,118.86,120.11,85671919,119.6977613
2021-03-31 00:00:00+00:00,122.15,123.52,121.15,121.65,118323826,121.9439661
2021-04-01 00:00:00+00:00,123,124.18,122.49,123.66,75089134,122.7925324
2021-04-05 00:00:00+00:00,125.9,126.1601,123.07,123.87,88651175,125.6876409
2021-04-06 00:00:00+00:00,126.21,127.13,125.65,126.5,80171253,125.997118
2021-04-07 00:00:00+00:00,127.9,127.92,125.14,125.83,83466716,127.6842674
2021-04-08 00:00:00+00:00,130.36,130.39,128.52,128.95,88844591,130.1401181
2021-04-09 00:00:00+00:00,132.995,133.04,129.47,129.8,106686703,132.7706735
2021-04-12 00:00:00+00:00,131.24,132.85,130.63,132.52,91419983,131.0186337
2021-04-13 00:00:00+00:00,134.43,134.66,131.93,132.44,91266545,134.2032531
2021-04-14 00:00:00+00:00,132.03,135,131.655,134.94,87222782,131.8073012
2021-04-15 00:00:00+00:00,134.5,135,133.64,133.82,89347102,134.273135
2021-04-16 00:00:00+00:00,134.16,134.67,133.28,134.3,84922386,133.9337085
2021-04-19 00:00:00+00:00,134.84,135.47,133.34,133.51,94264215,134.6125615
2021-04-20 00:00:00+00:00,133.11,135.53,131.81,135.02,94812349,132.8854796
2021-04-21 00:00:00+00:00,133.5,133.75,131.3001,132.36,68847136,133.2748217
2021-04-22 00:00:00+00:00,131.94,134.15,131.41,133.04,84566456,131.717453
2021-04-23 00:00:00+00:00,134.32,135.12,132.16,132.16,78756779,134.0934386
2021-04-26 00:00:00+00:00,134.72,135.06,133.56,134.83,66905069,134.4927639
2021-04-27 00:00:00+00:00,134.39,135.41,134.11,135.01,66015804,134.1633206
2021-04-28 00:00:00+00:00,133.58,135.02,133.08,134.31,107760097,133.3546868
2021-04-29 00:00:00+00:00,133.48,137.07,132.45,136.47,151100953,133.2548555
2021-04-30 00:00:00+00:00,131.46,133.56,131.065,131.78,109839466,131.2382627
2021-05-03 00:00:00+00:00,132.54,134.07,131.83,132.04,75135100,132.316441
2021-05-04 00:00:00+00:00,127.85,131.4899,126.7,131.19,137564718,127.6343518
2021-05-05 00:00:00+00:00,128.1,130.45,127.97,129.2,84000900,127.8839301
2021-05-06 00:00:00+00:00,129.74,129.75,127.13,127.89,78128334,129.5211638
2021-05-07 00:00:00+00:00,130.21,131.2582,129.475,130.85,78973273,130.21
2021-05-10 00:00:00+00:00,126.85,129.54,126.81,129.41,88071229,126.85
2021-05-11 00:00:00+00:00,125.91,126.27,122.77,123.5,126142826,125.91
2021-05-12 00:00:00+00:00,122.77,124.64,122.25,123.4,112172282,122.77
2021-05-13 00:00:00+00:00,124.97,126.15,124.26,124.58,105861339,124.97
2021-05-14 00:00:00+00:00,127.45,127.89,125.85,126.25,81917951,127.45
2021-05-17 00:00:00+00:00,126.27,126.93,125.17,126.82,74244624,126.27
2021-05-18 00:00:00+00:00,124.85,126.99,124.78,126.56,63342929,124.85
2021-05-19 00:00:00+00:00,124.69,124.915,122.86,123.16,92611989,124.69
2021-05-20 00:00:00+00:00,127.31,127.72,125.1,125.23,76857123,127.31
2021-05-21 00:00:00+00:00,125.43,128,125.21,127.82,79295436,125.43
2021-05-24 00:00:00+00:00,127.1,127.94,125.94,126.01,63092945,127.1
2021-05-25 00:00:00+00:00,126.9,128.32,126.32,127.82,72009482,126.9
2021-05-26 00:00:00+00:00,126.85,127.39,126.42,126.955,56575920,126.85
2021-05-27 00:00:00+00:00,125.28,127.64,125.08,126.44,94625601,125.28
2021-05-28 00:00:00+00:00,124.61,125.8,124.55,125.57,71311109,124.61
2021-06-01 00:00:00+00:00,124.28,125.35,123.94,125.08,67637118,124.28
2021-06-02 00:00:00+00:00,125.06,125.24,124.05,124.28,59278862,125.06
2021-06-03 00:00:00+00:00,123.54,124.85,123.13,124.68,76229170,123.54
2021-06-04 00:00:00+00:00,125.89,126.16,123.85,124.07,75169343,125.89
2021-06-07 00:00:00+00:00,125.9,126.32,124.8321,126.17,71057550,125.9
2021-06-08 00:00:00+00:00,126.74,128.46,126.2101,126.6,74403774,126.74
2021-06-09 00:00:00+00:00,127.13,127.75,126.52,127.21,56877937,127.13
2021-06-10 00:00:00+00:00,126.11,128.19,125.94,127.02,71186421,126.11
2021-06-11 00:00:00+00:00,127.35,127.44,126.1,126.53,53522373,127.35
2021-06-14 00:00:00+00:00,130.48,130.54,127.07,127.82,96906490,130.48
2021-06-15 00:00:00+00:00,129.64,130.6,129.39,129.94,62746332,129.64
2021-06-16 00:00:00+00:00,130.15,130.89,128.461,130.37,91339351,130.15
2021-06-17 00:00:00+00:00,131.79,132.55,129.65,129.8,96721669,131.79
2021-06-18 00:00:00+00:00,130.46,131.51,130.24,130.71,108953309,130.46
2021-06-21 00:00:00+00:00,132.3,132.41,129.21,130.3,79663316,132.3
2021-06-22 00:00:00+00:00,133.98,134.08,131.62,132.13,74783618,133.98
2021-06-23 00:00:00+00:00,133.7,134.32,133.23,133.77,60214200,133.7
2021-06-24 00:00:00+00:00,133.41,134.64,132.93,134.45,68710998,133.41
2021-06-25 00:00:00+00:00,133.11,133.89,132.81,133.46,70783746,133.11
2021-06-28 00:00:00+00:00,134.78,135.245,133.35,133.41,62111303,134.78
2021-06-29 00:00:00+00:00,136.33,136.49,134.35,134.8,64556081,136.33
2021-06-30 00:00:00+00:00,136.96,137.41,135.87,136.17,63261393,136.96
2021-07-01 00:00:00+00:00,137.27,137.33,135.76,136.6,52485781,137.27
2021-07-02 00:00:00+00:00,139.96,140,137.745,137.9,78945572,139.96
2021-07-06 00:00:00+00:00,142.02,143.15,140.07,140.07,108181793,142.02
2021-07-07 00:00:00+00:00,144.57,144.89,142.66,143.535,104911589,144.57
2021-07-08 00:00:00+00:00,143.24,144.06,140.665,141.58,105575458,143.24
2021-07-09 00:00:00+00:00,145.11,145.65,142.6522,142.75,99890800,145.11
2021-07-12 00:00:00+00:00,144.5,146.32,144,146.21,76299719,144.5
2021-07-13 00:00:00+00:00,145.64,147.46,143.63,144.03,100827099,145.64
2021-07-14 00:00:00+00:00,149.15,149.57,147.68,148.1,127050785,149.15
2021-07-15 00:00:00+00:00,148.48,150,147.09,149.24,106820297,148.48
2021-07-16 00:00:00+00:00,146.39,149.76,145.88,148.46,93251426,146.39
2021-07-19 00:00:00+00:00,142.45,144.07,141.67,143.75,121434571,142.45
2021-07-20 00:00:00+00:00,146.15,147.0997,142.96,143.46,96350036,146.15
2021-07-21 00:00:00+00:00,145.4,146.13,144.63,145.53,74993460,145.4
2021-07-22 00:00:00+00:00,146.8,148.195,145.81,145.935,77338156,146.8
2021-07-23 00:00:00+00:00,148.56,148.7177,146.92,147.55,71447416,148.56
2021-07-26 00:00:00+00:00,148.99,149.83,147.7,148.27,72434089,148.99
2021-07-27 00:00:00+00:00,146.77,149.21,145.55,149.12,104818578,146.77
2021-07-28 00:00:00+00:00,144.98,146.97,142.54,144.81,118931191,144.98
2021-07-29 00:00:00+00:00,145.64,146.55,144.58,144.685,54323047,145.64
2021-07-30 00:00:00+00:00,145.86,146.33,144.11,144.38,70440626,145.86
2021-08-02 00:00:00+00:00,145.52,146.95,145.25,146.36,62879961,145.52
2021-08-03 00:00:00+00:00,147.36,148.045,145.18,145.81,64786618,147.36
2021-08-04 00:00:00+00:00,146.95,147.79,146.28,147.27,56368271,146.95
